http://45.150.165.229,1
https://115.190.61.27,2
http://154.219.111.59,3
http://119.91.202.153,4
http://www.xywljs.cn,5
https://www.xywljs.cn,6
https://xywljs.cn,7
https://hi.xinyuneo.com,8
http://hi.xinyuneo.com,9
https://124.223.33.182,10
http://xcy.ziyu.pro,11
https://18.163.219.82,12
http://129.211.167.186,13
http://8.148.7.204,14
http://119.91.208.77:5678,15
http://66.154.125.61,16
http://115.190.61.27,17
https://47.109.35.161,18
http://162.211.180.192,19
http://47.113.180.247,20
http://111.229.174.136,21
http://119.29.139.242,22
http://8.137.148.70,23
https://hihiem.128em.com,24
https://45.195.57.46,25
https://124.220.79.149,26
http://49.232.165.18:808,27
http://aiyeye.cn,28
https://www.90hk.cn,29
http://121.40.226.169,30
https://auth.lueyu.cn,31
https://www.aiyeye.cn,32
http://www.90hk.cn,33
https://yanshi.aiyeye.cn,34
https://39.98.61.120,35
https://qinmeitang.com,36
http://qinmeitang.com,37
https://www.qinmeitang.com,38
http://www.qinmeitang.com,39
http://47.106.218.247:8899,40
https://103.38.81.129,41
https://49.232.68.179,42
https://www.jingfaka.cn,43
https://47.101.56.142,44
https://www.sfzyw.com,45
https://blog.by-t.cn,46
https://124.220.185.63,47
http://123.56.224.147,48
http://39.104.77.29:81,49
http://www.rxs9.cn,50
https://www.rxs9.cn,51
http://66.154.125.61:81,52
https://139.196.169.69,53
https://114.66.40.212,54
http://47.115.226.39:1000,55
http://114.132.237.239:8081,56
http://39.105.222.35:88,57
http://85.137.245.218,58
http://111.229.10.106,59
http://134.175.229.211,60
https://8.138.238.240,61
https://8.148.7.204,62
https://156.238.236.228,63
https://82.158.225.14,64
https://82.156.222.180,65
https://85.137.245.218,66
https://8.222.172.130,67
http://1av1.xyz,68
https://1av1.xyz,69
https://110.42.5.14,70
https://103.118.254.122,71
https://www.xuwbk.com,72
https://www.s5458.com,73
https://xljzyz.com,74
https://43.139.158.193,75
https://107.173.214.148,76
https://45.83.236.104,77
http://114.134.187.34:88,78
http://jingfaka.com,79
https://www.jingfaka.com,80
http://www.jingfaka.com,81
http://124.221.233.249:88,82
https://xc6a.com,83
http://www.xc6a.com,84
http://xc6a.com,85
https://www.xc6a.com,86
http://111.229.174.136:8889,87
http://171.80.15.18:8800,88
http://182.120.229.148:81,89
http://www.xuwbk.com,90
http://www.xinshier.com,91
https://www.xinshier.com,92
https://www.kmhckj.cc,93
http://www.kmhckj.cc,94
http://kmhckj.cc,95
https://www.12345.icu,96
https://65.49.205.179,97
https://www.aidufa.cn,98
http://www.aidufa.cn,99
https://116.62.179.5,100
https://154.201.87.220,101
https://160.202.237.201,102
https://www.ymcat.cn,103
https://154.219.111.59,104
http://www.ymcat.cn,105
https://pay.aldzn.vip,106
https://www.qmysj.cn,107
http://www.qmysj.cn,108
https://154.219.111.93,109
http://chuyu.xiaoqiudjjlb.cn,110
https://chuyu.xiaoqiudjjlb.cn,111
https://85.137.246.7,112
https://xuexi.ouyun.cc,113
http://dww.lbnaccount.com,114
https://dww.lbnaccount.com,115
http://fb.ufwsss.top,116
https://fb.ufwsss.top,117
https://154.40.48.71,118
https://pay.qianyanjuhe.com,119
http://pay.qianyanjuhe.com,120
http://www.jingber.cn,121
https://www.jingber.cn,122
http://106.52.204.152:8000,123
http://49.234.191.54,124
http://171.80.15.18:6688,125
http://154.7.176.148,126
http://baiduapp.cc,127
https://baiduapp.cc,128
https://154.9.24.174,129
https://pay.zfsts.cn,130
https://www.zfsts.cn,131
http://zfsts.cn,132
https://66.154.125.61,133
http://aiqiye.xiaotiandianjing.com,134
https://aiqiye.xiaotiandianjing.com,135
http://bbs.fengye.wang,136
https://bbs.fengye.wang,137
http://47.122.83.252:8881,138
http://182.120.228.211:81,139
http://www.xiaomaw.cn,140
http://207.246.100.98,141
https://45.150.165.229,142
https://shop.jiuykj.com,143
https://www.2oe.cn,144
http://www.51zhanma.cn,145
http://yanshi.aiyeye.cn,146
http://82.156.149.52,147
http://www.2oe.cn,148
https://175.24.232.36,149
https://38.244.14.158,150
https://www.xm69.cn,151
https://v.dedewp.com,152
http://45.113.202.250:12345,153
http://182.120.228.184:81,154
https://zibovip.top,155
http://111.230.211.247:666,156
http://38.244.14.158:88,157
http://www.oua.cc,158
https://www.oua.cc,159
https://jingfaka.com,160
https://auth.by-t.cn,161
https://www.tjcodes.cn,162
http://www.tjcodes.cn,163
https://jingfaka.cn,164
http://www.jingfaka.cn,165
http://jingfaka.cn,166
https://zy.3cym.com,167
http://www.3cym.com,168
http://zy.3cym.com,169
https://m.da58.com,170
http://m.da58.com,171
https://ys.zgcqkj.com,172
http://ys.zgcqkj.com,173
https://pay.zkom.cn,174
http://pay.zkom.cn,175
https://156.254.127.144,176
https://lbnaccount.com,177
https://116.89.251.177,178
https://fk.uc0.cn,179
http://fk.tlicf.com,180
http://fk.uc0.cn,181
http://www.aqym.cc,182
https://www.sukuy.com,183
http://www.sukuy.com,184
https://wqfk.cn,185
https://www.aqym.cc,186
https://154.44.9.198,187
https://cypay.iaban.cc,188
http://blog.xuwbk.com,189
http://blog.wmr7.com,190
http://159.75.80.215:8080,191
http://182.120.228.237:81,192
https://103.214.143.249,193
http://p.nnsjk.cn,194
https://p.nnsjk.cn,195
https://www.yhd012.cn,196
http://www.yhd012.cn,197
https://epay.byepay.cn,198
http://epay.byepay.cn,199
https://zf.walkchat.cn,200
http://zf.walkchat.cn,201
https://119.28.99.13,202
http://43.160.248.152:8001,203
http://www.xm69.cn,204
https://www.zjh336.cn,205
https://www.3cym.com,206
https://www.jgymz.cn,207
https://jgymz.cn,208
http://jgymz.cn,209
http://www.jgymz.cn,210
http://blog.aiyunwl.com,211
https://blog.aiyunwl.com,212
https://skaa.xyz,213
http://smallshops.top,214
https://smallshops.top,215
http://www.ay2y.com,216
https://www.ay2y.com,217
https://45.192.96.232,218
http://182.120.231.203:81,219
https://tmepay.zcniu.fun,220
http://tmepay.zcniu.fun,221
https://154.64.244.128,222
http://1.13.160.24,223
http://xd.142ds.cn,224
https://tz.qqxiaoji.com,225
http://45.192.96.232,226
https://blog.ysxue.net,227
http://auth.lueyu.cn,228
https://pay.uwwuww.com,229
http://xc94.com,230
http://www.xjuym.cn,231
http://yd.xyxfkj.top,232
http://182.120.228.34:81,233
http://zy.haobangya.cn,234
https://zy.haobangya.cn,235
http://8.141.58.141:88,236
https://149.88.82.25,237
http://154.64.244.128,238
http://zibovip.top,239
https://pay.gumouu.cn,240
http://pay.gumouu.cn,241
https://nn.z-cn.top,242
http://8.138.166.160,243
http://n.z-cn.top,244
https://106.52.56.116,245
https://netmo99.cn,246
http://fk.cc66.tech,247
https://fk.cc66.tech,248
http://www.mvpxo.com,249
https://www.mvpxo.com,250
https://154.36.184.202,251
http://www.994km.top,252
http://www.984km.top,253
http://984km.top,254
http://gwrj6.cn,255
https://gwrj6.cn,256
http://182.120.228.5:81,257
https://www.gopojie.com,258
https://blog.zxiaolin.com,259
https://blog.suyanw.cn,260
http://www.yydsym.com,261
https://45.192.98.213,262
http://lbnaccount.com,263
https://xpay.xblm.top,264
http://xpay.xblm.top,265
http://182.120.230.11:81,266
http://38.76.197.137:8081,267
http://222.139.151.216:8090,268
http://www.aiyeye.cn,269
https://aiyeye.cn,270
http://www.dqdl.net,271
https://kmhckj.cc,272
https://154.7.176.211,273
http://lypay.luyhost.cn,274
http://fakamit.top,275
http://www.gopojie.com,276
http://43.139.166.102:6688,277
http://xinlian.co,278
https://xinlian.co,279
https://yzf.1818.ink,280
http://yzf.1818.ink,281
http://www.5iml.com,282
http://yzffkqcc.asia,283
https://yzffkqcc.asia,284
http://182.120.229.44:81,285
https://aigeofy.com,286
http://168f.icu,287
https://www.5iml.com,288
http://8jym.com,289
http://www.8jym.com,290
http://s7a8.my,291
https://s7a8.my,292
https://suhao.pw,293
http://kamifani.top,294
http://s63f.my,295
http://fakazhan.com,296
http://www.huanyou98.cn,297
https://fakazhan.com,298
http://ccc.jingwufz.site,299
http://ddd.jingwufz.site,300
https://www.xxziyuan.top,301
http://www.wxnotes.com,302
http://www.168ym.com,303
https://www.168ym.com,304
https://www.wxnotes.com,305
https://www.kuafuzy.vip,306
https://edu.moonsec.com,307
http://111.229.102.150,308
https://yd.xyxfkj.top,309
http://182.120.228.81:81,310
http://www.9220086.com,311
http://www.662p.com,312
https://www.662p.com,313
http://blog.by-t.cn,314
http://pay.zcxsmart.cn,315
https://666.xkwo.com,316
http://www.yuyuem.top,317
https://pay.168ym.com,318
https://s63f.my,319
http://www.kehan.cc,320
https://pay.zcxsmart.cn,321
https://www.qingluntan.cn,322
http://www.qingluntan.cn,323
https://www.yuyuem.top,324
https://101.132.180.139,325
https://www.330b.com,326
http://h6v3.my,327
https://e7c98.my,328
https://h6v3.my,329
http://blog.zxiaolin.com,330
http://182.120.229.237:81,331
http://appmao.cn,332
http://21lhz.cn,333
https://154.219.111.65,334
http://175.178.241.134:8081,335
http://www.dnf111.top,336
http://101.126.22.159,337
https://a1faka.telefakaa.top,338
http://a1faka.telefakaa.top,339
http://pay.aldzn.vip,340
https://www.xljzyz.com,341
http://xljzyz.com,342
http://www.xljzyz.com,343
http://pay.ysuju.cn,344
https://pay.ysuju.cn,345
http://pppy.tieyuan.top,346
https://pppy.tieyuan.top,347
https://xc94.com,348
http://182.120.229.32:81,349
https://9.yuegemei.com,350
http://9.yuegemei.com,351
http://pay.vpszl.cn,352
https://pay.vpszl.cn,353
https://kunkunwu.com,354
http://www.kunkunwu.com,355
https://45.133.239.98,356
http://www.sf-team.cn,357
https://dest.xitifk.cn,358
http://blog.aneu.cn,359
https://blog.aneu.cn,360
https://yzf.shenym.com,361
http://yzf.shenym.com,362
https://ptp.rj916r.cn,363
https://kp1wihlo.rj916r.cn,364
https://2yh1rzxvm.rj916r.cn,365
https://bj.rj916r.cn,366
https://rdl.rj916r.cn,367
https://h6kn.rj916r.cn,368
https://3aksa.rj916r.cn,369
https://lgcz.rj916r.cn,370
https://w2bpypmfe.rj916r.cn,371
https://xjatwuyh.rj916r.cn,372
https://jd.rj916r.cn,373
https://d9auea.rj916r.cn,374
https://yunhaigzs.cn,375
http://182.120.228.244:81,376
http://msiy.zbymts.top,377
https://msiy.zbymts.top,378
https://82.158.231.53,379
http://115.151.67.151:8091,380
https://www.yunjishou.net,381
http://www.yunjishou.net,382
https://yunjishou.net,383
http://yunjishou.net,384
http://103.112.185.37,385
https://ufamqp.n8ehfs.cn,386
https://ag.n8ehfs.cn,387
https://necsc.n8ehfs.cn,388
https://wlljtr7xp.n8ehfs.cn,389
https://xsj.n8ehfs.cn,390
https://abv.n8ehfs.cn,391
https://tshz.n8ehfs.cn,392
https://9w8rzhv.n8ehfs.cn,393
https://hcsxh.v3jcde.cn,394
https://jlqw.v3jcde.cn,395
https://glxco.v3jcde.cn,396
https://jc.v3jcde.cn,397
https://ehqrfyp.v3jcde.cn,398
https://3qvplx9w7.v3jcde.cn,399
https://qrwbfkxe8.v3jcde.cn,400
https://oxo.v3jcde.cn,401
http://154.44.15.175:873,402
https://fqogjzlwc.v3jcde.cn,403
https://zjj.v3jcde.cn,404
http://114.132.210.201,405
https://8nqz.daom.cn,406
http://www.1024ab.cn,407
https://www.1024ab.cn,408
https://b2bwzkc.e37gcj.cn,409
https://lf.e37gcj.cn,410
https://9mo8.e37gcj.cn,411
https://qq7vqup48.e37gcj.cn,412
https://qv.e37gcj.cn,413
https://sdqog7y.e37gcj.cn,414
https://iuy2y.e37gcj.cn,415
http://kibiwtcih.e37gcj.cn,416
https://szo.e37gcj.cn,417
https://yrxiqeqz.e37gcj.cn,418
https://16l.e37gcj.cn,419
https://rnppnc2pd.e37gcj.cn,420
https://kibiwtcih.e37gcj.cn,421
https://nqe12.8spzrc.cn,422
http://phmraij8.8spzrc.cn,423
https://5ez.8spzrc.cn,424
https://lezi.8spzrc.cn,425
https://zktfx.8spzrc.cn,426
https://vfhnht4.8spzrc.cn,427
https://hqreyptl.8spzrc.cn,428
https://hf.8spzrc.cn,429
http://f9.8spzrc.cn,430
https://phmraij8.8spzrc.cn,431
https://f9.8spzrc.cn,432
https://pay.deuyin.com,433
http://pay.deuyin.com,434
https://123.207.75.80,435
https://122.51.236.78,436
https://keks.ccqtsg.cn,437
https://aaa.jingwufz.site,438
https://www.nsps.cc,439
http://43.198.108.222,440
https://les9qa9y.m75xcz.cn,441
https://j8soec.m75xcz.cn,442
http://4wup.m75xcz.cn,443
https://pu.m75xcz.cn,444
https://4wup.m75xcz.cn,445
https://ekqe.m75xcz.cn,446
https://49.235.134.205,447
https://cs.qulaida.top,448
http://cs.qulaida.top,449
http://ydpay.jmmnwlkj.cn,450
https://ydpay.jmmnwlkj.cn,451
https://38.150.4.227,452
https://appmao.cn,453
https://xiyr0.n2anie.cn,454
http://unbfz7a.n2anie.cn,455
https://fcchf8c7.n2anie.cn,456
https://ilkpq.n2anie.cn,457
https://33suy1qsn.n2anie.cn,458
https://1ocdmg.n2anie.cn,459
https://g56k.n2anie.cn,460
https://unbfz7a.n2anie.cn,461
http://182.120.228.43:81,462
https://rwu8fpr.934k6.cn,463
https://bzbbik4.934k6.cn,464
https://rsw.934k6.cn,465
https://9f4065ik.934k6.cn,466
https://j9n9.934k6.cn,467
https://tpzx.934k6.cn,468
https://rsv33dx5.934k6.cn,469
http://aceyun.cn,470
http://www.aceyun.cn,471
https://aceyun.cn,472
https://t3barazt.ov0hz.cn,473
https://exw1bhrdh.ov0hz.cn,474
https://a5.ov0hz.cn,475
https://wa.pctntab.cn,476
https://t1sh.pctntab.cn,477
https://kjufxj.pctntab.cn,478
https://viimi.pctntab.cn,479
https://lztyzjj.pctntab.cn,480
https://n6yun.pctntab.cn,481
https://ctfz.pctntab.cn,482
https://nktel.qx9nqr.cn,483
https://0xh2zxi.sdoyljq.cn,484
https://qkn.fhgby3.cn,485
https://eoy.zi0eq.cn,486
https://rpty5x6bl.lys4tena.cn,487
https://0c.8cpo8.cn,488
https://q9xvszg.lys4tena.cn,489
https://yb.lys4tena.cn,490
https://ecbc.lys4tena.cn,491
https://flcw5jaso.q9owj.cn,492
https://whiixr.lys4tena.cn,493
https://xu6p.q9owj.cn,494
https://df.ubn1bp.cn,495
https://xrn7l.lys4tena.cn,496
https://vl.lys4tena.cn,497
https://hpko1.fpdpwy.cn,498
https://tvmmg.8cpo8.cn,499
https://kvtpno.gvxz4s.cn,500
https://lczcsirz0.8cpo8.cn,501
https://mv5hlkioz.8cpo8.cn,502
https://te5ps.lys4tena.cn,503
https://0bmwihn.xfd2wp.cn,504
http://b5j64d8nx.q9owj.cn,505
https://cc6m5.gvxz4s.cn,506
https://vjmmxr8in.q9owj.cn,507
https://hy1.fpdpwy.cn,508
https://5kle.4nxw8.cn,509
https://pbhb.gvxz4s.cn,510
https://uaphj.qx9nqr.cn,511
https://uftcij.lys4tena.cn,512
https://601yxeyeq.v3jcde.cn,513
https://uow873ib.8cpo8.cn,514
https://opqr.q9owj.cn,515
https://zptxogd.gvxz4s.cn,516
https://rv4ih.lys4tena.cn,517
https://7revt.q9owj.cn,518
https://dx.lys4tena.cn,519
https://b5j64d8nx.q9owj.cn,520
https://9yyxub7le.d0skc.cn,521
https://xqfvec.d0skc.cn,522
https://147n5reaj.d0skc.cn,523
https://rm.d0skc.cn,524
http://0n9kod6.d0skc.cn,525
https://nujjk1.gvxz4s.cn,526
https://0n9kod6.d0skc.cn,527
https://p9lak3m.d0skc.cn,528
http://fk2.islove.top,529
https://fk2.islove.top,530
http://edu.moonsec.com,531
https://ee77.666pay.cn,532
http://ee77.666pay.cn,533
http://gahji.tnfactory.com,534
https://www.jmeos.com,535
https://yt.moyukeji.top,536
http://yt.moyukeji.top,537
https://pay.l9377.com,538
http://pay.l9377.com,539
http://www.ccqtsg.cn,540
http://120.26.194.95:70,541
https://blogs.hxp2396.top,542
http://115.151.67.98:8091,543
https://www.yunjishou.com,544
https://yunjishou.com,545
http://www.yunjishou.com,546
http://yunjishou.com,547
http://182.120.229.97:81,548
https://md.ds829.cc,549
http://md.ds829.cc,550
http://182.120.229.19:81,551
https://xiami888999.top,552
https://www.topkshop.top,553
http://1tb84.mfakaa.com,554
https://1tb84.mfakaa.com,555
http://182.120.230.206:81,556
http://shop1.duoduoid.cc,557
https://www.cmymw.com,558
https://pay.zpseaf.cn,559
http://pay.zpseaf.cn,560
http://pay111.pancici.top,561
https://pay111.pancici.top,562
https://feixueylw.com,563
https://rwnvtbz.ccqtsg.cn,564
https://www.8uu1.com,565
http://www.8uu1.com,566
https://l.sqdapj.com,567
https://7.kqhnxm.com,568
https://u.edvtnw.com,569
http://1.wulymu.com,570
http://c.xdjmck.com,571
http://e.zvijjl.com,572
http://z.bjqzlf.com,573
http://v.sqdapj.com,574
https://e.zvijjl.com,575
https://r.xyhuso.com,576
http://j.zcnxby.com,577
https://4.kytdrp.com,578
https://c.xdjmck.com,579
https://8.qmoiaz.com,580
https://v.sqdapj.com,581
https://f.qamfce.com,582
https://v.qcfxwu.com,583
https://i.sqdapj.com,584
https://6.kqhnxm.com,585
https://b.mqzlcs.com,586
https://1.wulymu.com,587
https://n.edvtnw.com,588
https://v.vssfkx.com,589
http://f.qamfce.com,590
http://n.edvtnw.com,591
http://u.thvygt.com,592
http://8.qmoiaz.com,593
https://mqzlcs.com,594
http://o.tmpgbp.com,595
https://f.zvijjl.com,596
https://h.gbpudx.com,597
https://u.thvygt.com,598
http://mqzlcs.com,599
https://c.nhfgpy.com,600
http://c.nhfgpy.com,601
https://r.eodoff.com,602
https://dyl3djp.edvtnw.com,603
https://0.tqllrc.com,604
http://0.tqllrc.com,605
https://nav.zhikefa.com,606
http://nav.zhikefa.com,607
http://182.120.231.214:81,608
https://kbpxmw.ccqtsg.cn,609
http://pay.imsuk.cn,610
http://zhifu.pzghg.cn,611
https://www.dl343.com,612
http://fk.kmdaka.com,613
https://116.198.203.232,614
http://www.735kuaika.cn,615
http://735kuaika.cn,616
http://235zyz.cc,617
https://235zyz.cc,618
http://123.206.100.69,619
http://38.246.249.84:28080,620
http://38.246.249.147:28080,621
https://www.735kuaika.cn,622
http://www.chpay.cc,623
https://www.chpay.cc,624
http://182.120.228.89:81,625
https://mvpxo.com,626
http://mvpxo.com,627
https://www.xkwo.com,628
https://one.zipnow.cn,629
http://u.lz48.cn,630
https://u.lz48.cn,631
http://www.xkwo.com,632
https://xkwo.com,633
http://223.242.104.54:8123,634
https://vpn.dh2.asia,635
https://www.dh2.asia,636
http://39.101.68.140:28080,637
https://7k12345.cn,638
http://7k12345.cn,639
http://218.20.221.88:1234,640
http://by.1229pay.com,641
http://shop.1229pay.com,642
https://42.51.33.34,643
http://115.151.67.214:8091,644
http://aisituuuze.top,645
http://182.120.228.72:81,646
https://fkw.gexgo.sbs,647
http://fkw.gexgo.sbs,648
http://h.mojue88.com,649
http://dh.x6.ink,650
https://www.goodresource.cn,651
http://www.goodresource.cn,652
http://115.151.67.75:8091,653
http://blogs.hxp2396.xyz:8091,654
http://wp.hxp2396.xyz:8091,655
https://38.246.73.216,656
http://lixiaomeng.cc,657
http://74.48.21.92:5000,658
http://47.106.218.247:5566,659
https://dh.x6.ink,660
http://sc.kalixn.cn,661
http://dxeuqmkngyjocxfywxblog.uyuos5.cn,662
https://code.webpay.cc,663
http://code.webpay.cc,664
https://www.haimaym.com,665
http://www.haimaym.com,666
https://www.aceyun.cn,667
https://api.rayroccloud.com,668
http://api.rayroccloud.com,669
https://personal.pay.globallyh.com,670
http://personal.pay.globallyh.com,671
http://636.bjtsd.com.cn,672
http://pay.dh2.asia,673
https://pay.dh2.asia,674
https://pay.xiyou.pw,675
http://8.209.223.33:28080,676
http://6.159e.cn,677
https://6.159e.cn,678
https://pay.picyw.com,679
http://pay.picyw.com,680
http://182.120.231.53:81,681
http://www.panzhan.cn,682
https://ma.ug95.com,683
http://ma.ug95.com,684
https://www.youdaoxxxnk.top,685
https://ay.dihao.shop,686
http://ay.dihao.shop,687
http://182.120.228.98:81,688
https://shop1.duoduoid.cc,689
http://pay.xiyou.pw,690
http://114.66.30.86:32000,691
https://www.dgzhanhong.com,692
https://www.fankexueshe.cn,693
http://www.fankexueshe.cn,694
http://154.12.25.141:88,695
http://a.ymcm.top,696
https://a.ymcm.top,697
https://www.180189.com,698
http://www.zulinfang.com,699
https://pay.imsuk.cn,700
http://ayfk.3290.net,701
https://ayfk.3290.net,702
https://735kuaika.cn,703
https://new.bwxfaka.top,704
http://new.bwxfaka.top,705
http://pay.3290.net,706
https://pay.3290.net,707
http://b2.bicco.top,708
https://b2.bicco.top,709
http://pay.ywz5.cn,710
https://pay.ywz5.cn,711
http://pay.zengjichiling.com,712
https://pay.zengjichiling.com,713
http://epay.dajian.club,714
https://epay.dajian.club,715
http://dh.voiceclouds.cn,716
http://dnf.fanfan6.cn,717
https://dnf.fanfan6.cn,718
https://www.acirno.com,719
http://bbs.liecaiwl.com,720
https://bbs.liecaiwl.com,721
http://124.220.79.149:32000,722
http://110.42.50.32:32000,723
http://103.42.183.81:8899,724
https://www.tfbkw.com,725
http://www.tfbkw.com,726
http://zhi.agzsc.cn,727
https://zhi.fallenicarus.xyz,728
http://zhi.fallenicarus.xyz,729
https://zhi.agzsc.cn,730
http://one.zipnow.cn,731
http://shop.3290.net,732
https://shop.3290.net,733
https://www.950621.cn,734
https://epay.99kscz.cc,735
http://60.204.157.221,736
https://eooqmsxbqs171.8uu1.com,737
https://sitemap.8uu1.com,738
https://intranet.8uu1.com,739
https://api1.8uu1.com,740
https://efurbboss.8uu1.com,741
https://cisco2.8uu1.com,742
https://595688.8uu1.com,743
https://a10.8uu1.com,744
https://urbmmabe.8uu1.com,745
https://active.8uu1.com,746
https://mokuai.8uu1.com,747
https://puzmuvpn.8uu1.com,748
https://backup.8uu1.com,749
https://kvjblsf.8uu1.com,750
https://4c.8uu1.com,751
https://ale.8uu1.com,752
https://breeze.8uu1.com,753
https://admin.8uu1.com,754
https://test.8uu1.com,755
https://apps.8uu1.com,756
https://ezfomactive.8uu1.com,757
https://sxbqs171.8uu1.com,758
https://11.8uu1.com,759
https://120.8uu1.com,760
https://87.8uu1.com,761
https://171.8uu1.com,762
https://a8.8uu1.com,763
https://vpn.8uu1.com,764
https://shop.8uu1.com,765
https://kfnfhqfbfpassets.8uu1.com,766
https://uwoavwwwkefu.8uu1.com,767
https://annee.8uu1.com,768
https://changsha.8uu1.com,769
https://portal.8uu1.com,770
https://arc.8uu1.com,771
https://www.mokuai.8uu1.com,772
https://app01.8uu1.com,773
https://cntv.8uu1.com,774
https://adp.8uu1.com,775
https://atlantis.8uu1.com,776
https://kzc7rdzj9tvqbcs8.8uu1.com,777
https://22eee.8uu1.com,778
https://mail.8uu1.com,779
https://adc.8uu1.com,780
https://7c.8uu1.com,781
https://aadams.8uu1.com,782
https://austin.8uu1.com,783
https://calendar.8uu1.com,784
https://archives.8uu1.com,785
https://www.vpn.8uu1.com,786
https://app.8uu1.com,787
https://api.8uu1.com,788
https://8f.8uu1.com,789
https://kbeqjaustin.8uu1.com,790
http://kp.yo0.cn,791
https://commerce.8uu1.com,792
https://www.moki.8uu1.com,793
https://correo.8uu1.com,794
https://jxmptxxqhw4c.8uu1.com,795
https://car.8uu1.com,796
https://xxqhw4c.8uu1.com,797
https://xqwrvo69iay0p.8uu1.com,798
https://167.8uu1.com,799
https://backend.8uu1.com,800
https://2010.8uu1.com,801
https://carbon.8uu1.com,802
https://www.moxi.8uu1.com,803
https://wwwceshi.8uu1.com,804
https://blackberry.8uu1.com,805
https://blog.8uu1.com,806
https://mokui.8uu1.com,807
https://2025.8uu1.com,808
https://yvbmqapitest.8uu1.com,809
https://blade.8uu1.com,810
https://669139.8uu1.com,811
https://124.8uu1.com,812
https://2d.8uu1.com,813
https://8e7111b7-3d80-4328-8904-79c8eb3b8471.8uu1.com,814
https://cal.8uu1.com,815
https://a02.8uu1.com,816
https://tsaqwvncmyatlantis.8uu1.com,817
https://culture.8uu1.com,818
https://o69iay0p.8uu1.com,819
https://acm.8uu1.com,820
https://bia.8uu1.com,821
https://quanzi.8uu1.com,822
https://cd.8uu1.com,823
https://b2b.8uu1.com,824
https://b8.8uu1.com,825
https://61.8uu1.com,826
https://angel.8uu1.com,827
https://kefu.8uu1.com,828
https://qfbfpassets.8uu1.com,829
https://www.moxin.8uu1.com,830
https://16.8uu1.com,831
https://auth.8uu1.com,832
https://58.8uu1.com,833
https://new.8uu1.com,834
https://tg.8uu1.com,835
https://ars.8uu1.com,836
https://moki.8uu1.com,837
http://yzf.yizf.vip,838
http://pay.cuocoin.com,839
http://www.ksc.pw,840
https://yzf.yizf.vip,841
https://www.ksc.pw,842
https://wxnotes.com,843
http://wxnotes.com,844
https://card.allencn.cn,845
http://card.allencn.cn,846
https://www.zulinfang.com,847
https://epay.huiyingyun.com,848
http://epay.huiyingyun.com,849
https://www.ymg9.com,850
http://www.ymg9.com,851
https://wapzz.net,852
https://chpay.cc,853
http://chpay.cc,854
http://182.120.230.236:81,855
http://pay.91nb.de,856
https://fa.susujiaoben.online,857
https://yzf.hei3.com,858
http://yzf.hei3.com,859
http://www.yufanbox.com,860
https://epay.weikedata.com,861
http://epay.weikedata.com,862
https://test.yunjishou.com,863
https://pay.96kami.cn,864
http://pay.96kami.cn,865
https://lz.3ok.top,866
http://lz.3ok.top,867
https://jepklbui3hnp2.aafrf.icu,868
http://albb8.q105.cn,869
https://albb8.q105.cn,870
https://cccyun.91hu.top,871
http://cccyun.91hu.top,872
http://pay.ylly.xyz,873
https://pay.ylly.xyz,874
http://blog.ysxue.net,875
https://zy.nuoyo.cn,876
https://pay.zhanyinkeji.site,877
http://pay.zhanyinkeji.site,878
http://xkwo.com,879
http://yzpay.htxahz.top,880
https://yzpay.htxahz.top,881
https://pay.emowz.cn,882
https://daohang.zihailuo.com,883
https://www.1323h.cn,884
http://www.1323h.cn,885
https://xiangfa.agankeji.icu,886
http://xiangfa.agankeji.icu,887
http://epay.99kscz.cc,888
https://zy.tznm.cn,889
http://zy.tznm.cn,890
http://7490.cn,891
https://bbs.bcb5.com,892
http://www.ccy.cx,893
https://www.ccy.cx,894
http://vip.ekvv.cn,895
https://vip.ekvv.cn,896
https://aaaaaaa.store,897
http://aaaaaaa.store,898
http://xarr.dabai.icu,899
http://pay.jisufaka.xyz,900
https://mzf.3wm.cc,901
http://tg.weibossh.cn,902
https://xarr.dabai.icu,903
http://mzf.3wm.cc,904
https://pay.jisufaka.xyz,905
http://www.wbssh.cn,906
http://182.120.228.107:81,907
http://www.wobbt.com,908
https://pay.vip.icu,909
http://www.iyizhou.com,910
https://cdn.0o8.cn,911
https://www.hmyk.me,912
https://cdn.maxiaotao.com,913
http://apyp.bcwkds.cn,914
https://apyp.bcwkds.cn,915
http://pay.scfqw666.com.cn,916
https://pay.scfqw666.com.cn,917
https://fakaho.site,918
http://fdxpsd.fakaho.site,919
https://fdxpsd.fakaho.site,920
http://pay.tvvai.com,921
https://pay.tvvai.com,922
https://m.songma.com,923
http://m.songma.com,924
http://faka.yyios.cc,925
https://faka.yyios.cc,926
http://182.120.229.213:81,927
http://epay.6214.cc,928
https://epay.6214.cc,929
https://w.aakj.xyz,930
http://w.aakj.xyz,931
http://payb.ayuyu123.top,932
https://payb.ayuyu123.top,933
https://www.io86.cn,934
http://www.io86.cn,935
https://pay.prpowp.com.cn,936
http://pay.prpowp.com.cn,937
https://pay.dwyu.cn,938
http://pay.dwyu.cn,939
http://182.120.231.183:81,940
http://101.34.89.127:1008,941
http://www.950621.cn,942
http://pay.sxchhx.cn,943
http://115.120.30.87:32000,944
https://mpay.96kami.cn,945
https://h.mojue88.com,946
http://103.217.195.137:32000,947
http://182.120.229.203:81,948
https://www.paygogo.club,949
http://www.paygogo.club,950
http://pay918.cn,951
https://pay918.cn,952
http://115.151.67.144:8091,953
https://144.48.181.138,954
https://faka.umeng6.top,955
https://b.ydzfxt.com,956
https://js.ydzfxt.com,957
https://weinan.ydzfxt.com,958
http://faka.umeng6.top,959
https://bbs.ydzfxt.com,960
https://m.ydzfxt.com,961
https://yunfu.ydzfxt.com,962
https://www.dy365.cc,963
https://wuhu.ydzfxt.com,964
https://kho.ydzfxt.com,965
https://77271.ydzfxt.com,966
https://frps.91hu.top,967
https://75598.ydzfxt.com,968
https://47961593.ydzfxt.com,969
https://w.ydzfxt.com,970
https://csnm.ydzfxt.com,971
https://system.ydzfxt.com,972
https://zhenjiang.ydzfxt.com,973
https://5.ydzfxt.com,974
https://tangshan.ydzfxt.com,975
https://kjyzf.kj38.top,976
http://kjyzf.kj38.top,977
http://panzhan.cn,978
http://sh.1229pay.com,979
https://shop.1229pay.com,980
http://zf.1229pay.com,981
https://sh.1229pay.com,982
https://by.1229pay.com,983
http://182.120.228.210:81,984
http://dachuifa.work,985
http://wxtn.lzcxs.cn,986
https://wxtn.lzcxs.cn,987
http://xarr.xhus.cn,988
https://xarr.xhus.cn,989
http://fbcx.rdf2kd1r.my,990
https://45.58.43.24,991
http://115.151.67.150:8091,992
https://www.yaoguangpay.top,993
https://yaoguangpay.top,994
http://www.yaoguangpay.top,995
http://yaoguangpay.top,996
http://124.135.254.251:3026,997
http://ysscg.cn,998
https://ysscg.cn,999
https://www.ysscg.cn,1000
http://www.dcmh.fun,1001
https://www.dcmh.fun,1002
http://dcmh.fun,1003
https://dcmh.fun,1004
http://y.pay-q.xyz,1005
https://y.pay-q.xyz,1006
https://43.224.248.117,1007
http://43.224.248.117:81,1008
http://182.120.231.141:81,1009
https://44x.icu,1010
https://jidgpybmrdslycfmzf.open-ai.bio,1011
https://app.open-ai.bio,1012
https://o69iay0p.preprod.open-ai.bio,1013
https://o69iay0p.ping.open-ai.bio,1014
https://reporting.replication.open-ai.bio,1015
https://motgbwww.pay.open-ai.bio,1016
https://xcammwww.pay.open-ai.bio,1017
https://tousu.open-ai.bio,1018
https://plan.datahub.open-ai.bio,1019
https://slycfmzf.open-ai.bio,1020
https://soiqclrvhzapk.open-ai.bio,1021
https://hskmwqinpa.open-ai.bio,1022
https://tool.open-ai.bio,1023
https://wlsixaa.open-ai.bio,1024
https://o69iay0p.payment.open-ai.bio,1025
https://qvhyhqun.open-ai.bio,1026
https://o69iay0p.trends.open-ai.bio,1027
https://analytics.manager.open-ai.bio,1028
https://tgajoapk.open-ai.bio,1029
https://app-vis.open-ai.bio,1030
https://new-datahub.open-ai.bio,1031
https://portal.open-ai.bio,1032
https://vojjkapk.open-ai.bio,1033
https://sup.open-ai.bio,1034
https://ehpumljuemmjcdn.open-ai.bio,1035
https://visualizations.services.open-ai.bio,1036
https://isimkapk.open-ai.bio,1037
https://net.reporting.open-ai.bio,1038
https://o69iay0p.a.open-ai.bio,1039
https://analytics-global.open-ai.bio,1040
https://doh.open-ai.bio,1041
https://visualize-master.open-ai.bio,1042
https://jsnlxepay.open-ai.bio,1043
https://data-analytics.open-ai.bio,1044
https://hesvmlrvhzapk.open-ai.bio,1045
https://qun2.open-ai.bio,1046
https://superset4.open-ai.bio,1047
https://nisewc.open-ai.bio,1048
https://b.open-ai.bio,1049
https://erzhnapi.open-ai.bio,1050
https://lvdbimzf.open-ai.bio,1051
https://micro.sup.open-ai.bio,1052
https://xkzizwaxthtousu.open-ai.bio,1053
https://super-test.open-ai.bio,1054
https://o69iay0p.qun2.open-ai.bio,1055
https://node-sup.open-ai.bio,1056
https://qun1.open-ai.bio,1057
https://nabkteznrwwww.pay.open-ai.bio,1058
https://ypwpctgajoapk.open-ai.bio,1059
https://superset-archive.open-ai.bio,1060
https://check-analytics.open-ai.bio,1061
https://ulxwqai.open-ai.bio,1062
https://trends-core.open-ai.bio,1063
https://www.a.open-ai.bio,1064
https://history-visualize.open-ai.bio,1065
https://wuhdaxkzizwaxthtousu.open-ai.bio,1066
https://zf.open-ai.bio,1067
https://www.pay.open-ai.bio,1068
https://visualizations-ci.open-ai.bio,1069
https://tdiinqun4.open-ai.bio,1070
https://pic.open-ai.bio,1071
https://ai.open-ai.bio,1072
https://gcbiislycfmzf.open-ai.bio,1073
https://ljuemmjcdn.open-ai.bio,1074
https://visualize.audit.open-ai.bio,1075
https://glberljthjaa.open-ai.bio,1076
https://auth.super.open-ai.bio,1077
https://lpxcjc.open-ai.bio,1078
https://server.open-ai.bio,1079
https://o69iay0p.superset4.open-ai.bio,1080
https://flsdgtdiinqun4.open-ai.bio,1081
https://eznrwwww.pay.open-ai.bio,1082
https://superset4.logout.open-ai.bio,1083
https://dcjgfo69iay0p.a.open-ai.bio,1084
https://cxylstgajoapk.open-ai.bio,1085
https://bfegiapp.open-ai.bio,1086
https://otcsszf.open-ai.bio,1087
https://smyniqinpa.open-ai.bio,1088
https://dash-monitor.open-ai.bio,1089
https://laxszlrvhzapk.open-ai.bio,1090
https://qun3.open-ai.bio,1091
https://mjcdn.open-ai.bio,1092
https://datahub.old.open-ai.bio,1093
https://o69iay0p.pay.open-ai.bio,1094
https://yffqfdcjgfo69iay0p.a.open-ai.bio,1095
https://qun4.open-ai.bio,1096
https://aa.open-ai.bio,1097
https://trends.qa.open-ai.bio,1098
https://irkcrmzf.open-ai.bio,1099
https://bak.open-ai.bio,1100
http://117.65.42.254:8123,1101
http://fengye.wchulian.com.cn,1102
https://qk.lianaidazi.com,1103
http://qk.lianaidazi.com,1104
http://www.swzhao.com,1105
http://120.26.38.70,1106
http://223.242.72.113:8123,1107
http://oms.58tyy.com,1108
https://oms.58tyy.com,1109
http://182.120.229.117:81,1110
http://certs-api.ezijing.com,1111
http://jhzfchatpay.xyz,1112
https://jhzfchatpay.xyz,1113
http://aaaa.8bqq.cn,1114
http://56595.com,1115
https://tiantianfu.cc,1116
http://www.tiantianfu.cc,1117
https://www.tiantianfu.cc,1118
http://tiantianfu.cc,1119
https://fk.jkun.cf,1120
http://fk.jkun.cf,1121
http://182.120.231.29:81,1122
https://pay.xxxnkf.com,1123
http://pay.xxxnkf.com,1124
http://www.hackbook.com,1125
http://pay.1981.pro,1126
https://pay.1981.pro,1127
https://mqm.hupij.sjzssew.top,1128
http://mqm.hupij.sjzssew.top,1129
http://faka.ayuan8.top,1130
https://faka.ayuan8.top,1131
http://182.120.229.218:81,1132
http://ziku.xiaokgame.com,1133
http://peizhi.xiaokgame.com,1134
http://owen.xiaokgame.com,1135
http://ftp.xiaokgame.com,1136
http://fa.xiaokgame.com,1137
http://dxhook.xiaokgame.com,1138
http://xinji.xiaokgame.com,1139
http://chuanqidati.xiaokgame.com,1140
http://f2.xiaokgame.com,1141
http://117.65.43.149:8123,1142
http://yzf.binglx.cn,1143
https://yzf.binglx.cn,1144
http://k.uiuiz.com,1145
https://goaccess.aiwanyun.cn,1146
http://epay.yucpay.xin,1147
http://xc520.asia,1148
http://pay.uwwuww.com,1149
http://152.136.133.213:7777,1150
https://45.120.101.172,1151
https://www.dh2.fun,1152
http://182.120.231.3:81,1153
http://kp.paopaoya.top,1154
https://103.165.85.105,1155
https://kp.paopaoya.top,1156
https://67.198.128.131,1157
http://118.89.87.196:888,1158
https://ks.5kcb.cn,1159
http://www.55fzw.cn,1160
https://www.55fzw.cn,1161
http://qqjishuw.com,1162
https://qqjishuw.com,1163
http://www.qqjishuw.com,1164
http://bm.cydiaa.com,1165
https://bm.cydiaa.com,1166
https://www.qqjishuw.com,1167
https://pay.dswlg.com,1168
http://pay.dswlg.com,1169
https://2cyys.cn,1170
http://2cyys.cn,1171
http://182.120.230.14:81,1172
http://118.89.87.196:88,1173
http://www.xyi66.cn,1174
https://ampay.link,1175
http://ampay.link,1176
https://sec.ace.lc,1177
http://sec.ace.lc,1178
https://yz.yunshangshuhua.com,1179
https://fx.xxqcy.xyz,1180
http://115.151.67.8:8091,1181
http://faka.situgefaka.top,1182
http://115.151.67.152:8091,1183
http://115.151.67.239:8091,1184
https://likeyfkj.icu,1185
http://likeyfkj.icu,1186
http://www.huoyuandaohang.com,1187
https://www.sthz.net,1188
http://www.sthz.net,1189
http://yzf.9aiyi.cn,1190
https://yzf.9aiyi.cn,1191
http://38.49.42.169,1192
https://fk.lshzy.cc,1193
http://fk.lshzy.cc,1194
http://182.120.231.76:81,1195
http://jcpay.jcyidc.com.cn,1196
https://13.sanlitong.cn,1197
https://768qka.top,1198
http://768qka.top,1199
https://616678.xyz,1200
http://616678.xyz,1201
https://158.180.80.146,1202
https://49.232.227.239,1203
http://182.120.228.152:81,1204
http://182.120.231.91:81,1205
http://107.148.0.99:1688,1206
http://pay.yunchaoxx.cn,1207
https://pay.yunchaoxx.cn,1208
http://axpay.jmmnwlkj.cn,1209
https://n.lrngy.cn,1210
https://guiping.cloudcity360.cn,1211
http://qinyang.cloudcity360.cn,1212
http://shangzhou.cloudcity360.cn,1213
http://guiping.cloudcity360.cn,1214
https://qinyang.cloudcity360.cn,1215
https://degmk.8dtkp.cn,1216
https://zhongqing.sanlitong.cn,1217
https://48.8dtkp.cn,1218
http://shop.h234.cn,1219
https://152.136.187.153,1220
https://i.bihkw.cn,1221
http://140.143.171.152:7777,1222
http://bin52.top,1223
http://www.bin52.top,1224
http://lingwu.cloudcity360.cn,1225
https://luohe.cloudcity360.cn,1226
http://zhongqing.sanlitong.cn,1227
http://182.120.229.24:81,1228
https://epay.bitmy.my,1229
http://epay.bitmy.my,1230
http://luohe.cloudcity360.cn,1231
http://g.wydep.cn,1232
http://zf.81xx.cn,1233
https://zf.81xx.cn,1234
http://115.151.67.119:8091,1235
http://115.151.67.43:8091,1236
http://182.120.229.21:81,1237
http://182.120.231.252:81,1238
https://154.201.65.237,1239
https://s.antupay.com,1240
http://s.antupay.com,1241
http://zf.ssfmls.top,1242
http://gpay.haitazy.com,1243
https://gpay.haitazy.com,1244
http://182.120.230.38:81,1245
https://www.theking.love,1246
https://143.198.185.92,1247
http://www.ainet360.com,1248
https://www.ainet360.com,1249
https://47.92.7.69,1250
http://www.479ka.com,1251
https://www.479ka.com,1252
https://479ka.com,1253
http://479ka.com,1254
https://38.60.94.97,1255
http://182.120.228.170:81,1256
https://ys.xunyi.icu,1257
https://fa.taohuayunbo.com,1258
http://fa.taohuayunbo.com,1259
http://gansu.eluwn.cn,1260
http://115.151.67.110:8091,1261
http://pay.luyhost.cn,1262
https://y.huaiyuaneryuan.com.cn,1263
http://47.106.82.68,1264
http://154.204.60.217,1265
https://38.60.192.117,1266
https://card.liteyun.cc,1267
http://card.liteyun.cc,1268
https://205.zhho.cc,1269
http://182.120.228.243:81,1270
http://182.120.229.22:81,1271
http://171.95.127.12:83,1272
http://115.151.67.84:8091,1273
https://txpays.top,1274
http://txpays.top,1275
http://s.zbzmr.cn,1276
https://yzf.beiluoyun.com,1277
http://yzf.beiluoyun.com,1278
http://shengzhou.sanlitong.cn,1279
http://121.29.163.31:82,1280
http://zfbtf1.com,1281
https://zfbtf1.com,1282
https://www.zfbtf1.com,1283
http://www.zfbtf1.com,1284
http://182.120.228.83:81,1285
http://182.120.230.124:81,1286
http://tgs.uzbz.cn,1287
https://tgs.uzbz.cn,1288
http://45.125.12.3,1289
http://f.zfkqhl.cn,1290
https://g.wydep.cn,1291
https://q.umtpe.cn,1292
http://ddzf.magiskv.xyz,1293
http://y.huaiyuaneryuan.com.cn,1294
http://brwzzm.eluwn.cn,1295
https://brwzzm.eluwn.cn,1296
https://mzf.30yyy.cn,1297
https://43.138.162.82,1298
http://115.151.67.222:8091,1299
http://f.huaiyuaneryuan.com.cn,1300
https://pay.12345.icu,1301
http://172.98.23.216:10086,1302
https://4.lcuuu.cn,1303
http://4.lcuuu.cn,1304
http://182.120.229.51:81,1305
http://eapy.okccn.com,1306
https://eapy.okccn.com,1307
http://bole.zhengqingyi.cn,1308
http://chpain.top,1309
https://chpain.top,1310
http://mzfm.men,1311
https://mzfm.men,1312
http://www.theking.love,1313
https://www.ghnb66.com,1314
http://115.151.67.192:8091,1315
http://langfang.mingxx.cn,1316
http://www.yumoyjs.cn,1317
https://www.yumoyjs.cn,1318
http://124.222.14.74:9900,1319
http://34.150.50.62,1320
http://www.hechi78.cn,1321
https://www.hechi78.cn,1322
http://171.95.120.126:83,1323
http://yayige3.top,1324
http://156.238.244.222:7777,1325
https://47.92.150.242,1326
http://www.gktpuxfp.cc,1327
https://app.bghyvwk.cn,1328
http://app.bghyvwk.cn,1329
http://pay.llzh9520.ltd,1330
http://ym.ue168.cn,1331
https://ym.ue168.cn,1332
http://ziyuanba.vacpoin.cn,1333
http://oaicn.sustainableability.com,1334
https://pay.llzh9520.ltd,1335
http://tnmul.icu,1336
https://ziyuanba.vacpoin.cn,1337
https://muyuzhen.com,1338
https://123.207.61.111,1339
https://us.frps.zyq.xyz,1340
https://o.yjhbn.cn,1341
http://us.panel.zyq.xyz,1342
https://nav.zyq.xyz,1343
http://blog.zyq.xyz,1344
http://zyw.shgame.top,1345
https://zyw.shgame.top,1346
http://pjxx.lstong.cn,1347
http://micu.91688.top,1348
https://us.panel.zyq.xyz,1349
http://us.frps.zyq.xyz,1350
https://kms.zyq.xyz,1351
https://paibao88.com,1352
http://kms.zyq.xyz,1353
http://fk.eysoft.top,1354
http://mf.rczjia.com,1355
https://www.zspsrg.cn,1356
http://qxntk.wonderfilereviewsx.com,1357
http://14890l.lstong.cn,1358
http://01hy2l.lstong.cn,1359
https://chxqptbk.ydyl-ysh.cn,1360
https://blog.zyq.xyz,1361
http://nav.zyq.xyz,1362
http://test.blog.zyq.xyz,1363
https://test.blog.zyq.xyz,1364
http://ygyhk.wonderfilereviewsx.com,1365
http://172.98.23.216,1366
http://baoshi.xiaokgame.com,1367
https://iqiyi.jcy8.cn,1368
http://182.111.37.205:9000,1369
http://182.111.37.199:9000,1370
http://182.111.38.1:9000,1371
http://www.themilkvan.com,1372
https://www.themilkvan.com,1373
https://www.ei66.cn,1374
http://pay.qingsongiot.com,1375
http://yzhifupay.com,1376
https://yzhifupay.com,1377
https://xcy.ziyu.pro,1378
http://982.994km.top,1379
https://s128556-tjqy.shzbkj.com,1380
http://www.xcych.cn,1381
http://www.xcyscc.cn,1382
http://xcych.cn,1383
http://demo.km-wl.com,1384
http://www.kkayun.com,1385
http://wwww.tlh19.com,1386
https://qsy.youmi58.com,1387
http://m.cnmpay.cc,1388
https://m.cnmpay.cc,1389
http://faka8.georgeson.fun,1390
http://171.95.122.102:83,1391
https://epay.6aka.cn:2096,1392
https://epay.6aka.cn,1393
http://yizheng.mingxx.cn,1394
https://quanzhou.mingxx.cn,1395
https://longhai.mingxx.cn,1396
http://longhai.mingxx.cn,1397
http://hubei.sanlitong.cn,1398
https://pulandian.mingxx.cn,1399
http://suihua.eluwn.cn,1400
https://suihua.eluwn.cn,1401
https://yongkang.mingxx.cn,1402
http://dtu.cloudcity360.cn,1403
http://yongkang.mingxx.cn,1404
https://hubei.sanlitong.cn,1405
http://0.0.0.0,1406
https://dtu.cloudcity360.cn,1407
https://jhq.weiyuti.cn,1408
http://liaoning.ydyl-ysh.cn,1409
https://stzh.lstong.cn,1410
https://pingdingshan.lstong.cn,1411
https://laohekou.mingxx.cn,1412
http://48.8dtkp.cn,1413
http://220.205.16.24:7777,1414
http://bangbu.weiyuti.cn,1415
https://www.feifeilele.com,1416
http://www.zyw999.cn,1417
https://ch69.weiyuti.cn,1418
http://svf996.ydyl-ysh.cn,1419
https://746zst.8dtkp.cn,1420
http://otjpusp.lstong.cn,1421
http://47.97.229.238,1422
http://46or.lstong.cn,1423
https://46or.lstong.cn,1424
http://13.sanlitong.cn,1425
http://gwcqrwru.8dtkp.cn,1426
https://gwcqrwru.8dtkp.cn,1427
https://47.mingxx.cn,1428
https://94.mingxx.cn,1429
https://wqz.fzzsvj.cn,1430
https://ak.mingxx.cn,1431
https://ca51.eluwn.cn,1432
http://ezf.00ur.icu,1433
https://ezf.00ur.icu,1434
https://s.uwwuww.com,1435
http://grfak.fai549.cloud,1436
http://zf.fai549.cloud,1437
http://vvv.vuiy.cn,1438
https://vvv.vuiy.cn,1439
https://xzfy.hz1n.cn,1440
http://paynow.xiancloud.tech,1441
https://paynow.xiancloud.tech,1442
https://156.238.242.197,1443
http://931.weiyuti.cn,1444
http://xzfy.hz1n.cn,1445
https://okzhifu.com,1446
http://0.oaafq.cn,1447
http://vscex.tokyoinv.com,1448
http://115.151.67.117:8091,1449
https://8.218.89.227,1450
https://0.oaafq.cn,1451
http://jhq.weiyuti.cn,1452
https://93.cloudcity360.cn,1453
http://kloqm.weiyuti.cn,1454
https://svf996.ydyl-ysh.cn,1455
http://www.ziyuanxiaoku.com,1456
http://www.feifeilele.com,1457
https://www.haowo.xyz,1458
http://lsj.pay.ydtj.cc,1459
http://zf.cloudspeed.icu,1460
http://www.myuzy.xyz,1461
http://81.70.22.5:808,1462
https://zf.cloudspeed.icu,1463
https://188.ink,1464
http://web.maxiaomi.cn,1465
http://www.haowo.xyz,1466
http://km.6hlm.com,1467
http://www.km-wl.com,1468
http://fccri.littleearthlythings.com,1469
https://img.uwwuww.com,1470
https://maxiaomi.cn,1471
https://web.maxiaomi.cn,1472
http://thdnf.top,1473
https://x3.ziyoua.cn,1474
http://x3.ziyoua.cn,1475
https://webmail.banli.xyz,1476
https://bck.wzyxkj.cn,1477
https://277rtt.akz888.cn,1478
http://www.24faka24.top,1479
http://nangong.itapss.cn,1480
https://471.wzyxkj.cn,1481
http://221.236.22.105:85,1482
http://xuexi.ouyun.cc,1483
https://61.184.3.141,1484
http://maxiaomi.cn,1485
http://182.120.230.159:81,1486
https://www.seanup.club,1487
http://www.thdnf.top,1488
http://changge.wzyxkj.cn,1489
https://ff.banli.xyz,1490
http://171.95.127.174:83,1491
https://pay.youmi58.com,1492
https://vip.iun.ink,1493
https://rigogtwvt.lvlvy.cn,1494
http://code.550cloud.com,1495
http://ff.banli.xyz,1496
https://yfpay.ttwlo.cn,1497
https://code.550cloud.com,1498
http://yfpay.ttwlo.cn,1499
https://fk.xyyweb.com,1500
http://fk.xyyweb.com,1501
http://63.141.233.13:86,1502
http://wj59.wzyxkj.cn,1503
http://171.95.125.165:83,1504
https://cesssss.tianchy.cn,1505
http://www.dgzhanhong.com,1506
https://metr.cc,1507
http://kanyuanma.com,1508
http://tybk.iossq.xyz,1509
https://tybk.iossq.xyz,1510
http://www.czzyz.cn,1511
https://nangong.itapss.cn,1512
http://www.xgw77.xyz,1513
https://ddzf.magiskv.xyz,1514
http://989evm.akz888.cn,1515
http://746zst.8dtkp.cn,1516
http://sq.1323h.com,1517
https://sq.1323h.com,1518
http://ww2.yijinfz.xyz,1519
https://ww2.yijinfz.xyz,1520
http://www.zjh336.cn,1521
http://ww1.yijinfz.xyz,1522
https://ww1.yijinfz.xyz,1523
https://dqi485.mingxx.cn,1524
https://99mz.lvlvy.cn,1525
http://ay.sanlitong.cn,1526
https://kami.taomi365.cn,1527
http://kami.taomi365.cn,1528
http://skb.992013.cn,1529
https://skb.992013.cn,1530
http://djqfy.hunkplaza.com,1531
https://111.229.71.252,1532
http://chpay.31112.cn,1533
https://chpay.31112.cn,1534
http://bb007.top,1535
https://www.bb007.top,1536
https://bb007.top,1537
http://140.143.171.152:7081,1538
https://www.xswglasses.com,1539
http://ym.365yx.shop,1540
https://ym.365yx.shop,1541
http://down.zyq.xyz,1542
http://93.cloudcity360.cn,1543
https://down.zyq.xyz,1544
https://www.zyw999.cn,1545
https://vpeycloud.stdesoc.eu.org,1546
http://wqz.fzzsvj.cn,1547
https://po63.fzzsvj.cn,1548
http://po63.fzzsvj.cn,1549
https://ucb319.fzzsvj.cn,1550
http://pxiorw.lstong.cn,1551
https://briu.mingxx.cn,1552
https://pxiorw.lstong.cn,1553
https://www.cuocoin.com,1554
https://mzf.tv59.cn,1555
http://171.95.125.119:83,1556
http://mzf.tv59.cn,1557
https://hr.tangjiankeji.com,1558
http://ziyuan.ch-h.cn,1559
http://hechi78.cn,1560
http://ppz.miyq.com,1561
http://1.92.103.200,1562
https://hechi78.cn,1563
http://pjqbx.nuvilifeglobal.com,1564
https://lizhi1.bili268.top,1565
http://lizhi1.bili268.top,1566
http://www.zzfk.top,1567
https://zzfk.top,1568
https://www.zzfk.top,1569
http://zzfk.top,1570
http://47.120.38.51:8686,1571
https://ce2.zhanbaozhan.com,1572
http://ce2.zhanbaozhan.com,1573
http://ce.zhanbaozhan.com,1574
https://yzf.205713.xyz,1575
http://xpay.89nc.cn,1576
https://xpay.89nc.cn,1577
https://www.gm-pay.cn,1578
http://faka.tangtaogzs.xyz,1579
http://www.gm-pay.cn,1580
https://faka.tangtaogzs.xyz,1581
http://mong.qvnidaye.com,1582
https://115.120.226.133,1583
http://mqeeu.paulclarkanimation.com,1584
https://youhui1616.cn,1585
https://www.youhui1616.cn,1586
http://www.bingx.cn,1587
https://chlfg.com,1588
http://qqlepay.cn,1589
https://payapi.25yun.cn,1590
https://www.qqlepay.cn,1591
http://book.tlip.cn,1592
http://www.qqlepay.cn,1593
https://qqlepay.cn,1594
https://epay.yunpayment.com,1595
https://shinan.tangjiankeji.com,1596
http://payapi.25yun.cn,1597
https://luao.tangjiankeji.com,1598
http://pay.zhangdalao.com,1599
http://117.65.69.42:8123,1600
http://api.pay.25yun.cn,1601
http://mzf.52ddw.com,1602
https://pay.xivps.cn,1603
https://103.214.173.17,1604
https://mzf.52ddw.com,1605
http://pay.xivps.cn,1606
http://ggg.iryms.rest,1607
http://www.superidou.com,1608
https://www.superidou.com,1609
https://www.chlfg.com,1610
http://182.120.229.199:81,1611
http://zf.tjdhw.top,1612
https://zf.tjdhw.top,1613
http://ayfk.mistora.xyz,1614
https://ayfk.mistora.xyz,1615
https://hmpay.online,1616
http://hmpay.online,1617
https://111.229.170.121,1618
http://www.2vh.cn,1619
http://dnf111.top,1620
http://171.95.127.5:83,1621
https://pau.cnyzf.top,1622
http://pau.cnyzf.top,1623
https://dh.m-dhf.com,1624
http://nrpry.highspeedrailonline.com,1625
http://dh.m-dhf.com,1626
https://payxiaobai.cn,1627
http://puxjn.wovies369.com,1628
http://www.payxiaobai.cn,1629
http://www.hmyk.me,1630
http://www.kdrjk.top,1631
https://www.payxiaobai.cn,1632
http://payxiaobai.cn,1633
http://vpeycloud.stdesoc.eu.org,1634
http://994km.top,1635
http://43.139.172.137:7171,1636
http://pay.jiuyiyunyouxi.com,1637
https://pay.jiuyiyunyouxi.com,1638
http://caihong.jxaclw.com,1639
http://online.kokpay.top,1640
https://online.kokpay.top,1641
http://160.202.168.85,1642
http://www.codejie.cn,1643
https://www.codejie.cn,1644
http://www.92kl.cn,1645
https://wo.feiyangdy.com,1646
https://wp.92linlin.com,1647
https://pay.cross-link.cc,1648
http://pay.cross-link.cc,1649
https://we.233sop.top,1650
http://855.lstong.cn,1651
http://zf.gdyyds.asia,1652
http://fk.quxka.com,1653
https://fk.quxka.com,1654
https://www.xn--1brs8t18fcnw.online,1655
https://zf.gdyyds.asia,1656
http://www.paygo.club,1657
https://www.paygo.club,1658
https://bangbu.weiyuti.cn,1659
https://longgui.us.kg,1660
http://longgui.us.kg,1661
https://www.alfaka.fun,1662
https://ydzf.xiebao3.cn,1663
https://xiangfa.wutong.ink,1664
http://xiangfa.wutong.ink,1665
https://sbs116.mingxx.cn,1666
https://124.221.75.223,1667
http://www.alfaka.fun,1668
http://981.cloudcity360.cn,1669
https://yzf.wo520love.com,1670
http://yzf.wo520love.com,1671
https://pay.3ddwg.com,1672
http://pay.3ddwg.com,1673
http://yzf.92linlin.com,1674
http://122.51.203.70,1675
https://yzf.92linlin.com,1676
https://zmxt.ccwj.cc,1677
http://zmxt.ccwj.cc,1678
http://yzf.apivr.com,1679
https://yzf.apivr.com,1680
http://mzf.9un.net,1681
https://mzf.9un.net,1682
http://ulvof.bdbrush.com,1683
http://96173.202050.com,1684
http://pay.xiancloud.tech,1685
https://pay.xiancloud.tech,1686
http://0707.wueh.cn,1687
https://0707.wueh.cn,1688
http://pay.2fk.cn,1689
https://pay.2fk.cn,1690
https://py.meng52.icu,1691
http://py.meng52.icu,1692
https://tinaya.cn,1693
http://tinaya.cn,1694
https://www.tinaya.cn,1695
http://www.tinaya.cn,1696
http://gn.bewep.lat,1697
https://44.mingxx.cn,1698
https://pay.yazlyo.com,1699
http://lhtmw.top,1700
https://lhtmw.top,1701
http://didizf.866892.xyz,1702
https://didizf.866892.xyz,1703
http://demo.stbk.cn,1704
https://demo.stbk.cn,1705
http://fk.cs.57zz.cn,1706
https://blog.57zz.cn,1707
http://www.ayuanwu.com,1708
https://www.ayuanwu.com,1709
http://ak.mingxx.cn,1710
https://km.xiaoahua.me,1711
http://km.xiaoahua.me,1712
https://a.lbnaccount.com,1713
http://a.lbnaccount.com,1714
http://czzyz.cn,1715
https://pay.sms-10000.xyz,1716
http://pay.sms-10000.xyz,1717
http://mdfg.ewydh.shop,1718
https://yzf.acsc.vip,1719
http://yzf.acsc.vip,1720
https://www.fateqqq.com,1721
http://www.fateqqq.com,1722
https://fateqqq.com,1723
http://fateqqq.com,1724
http://182.120.229.130:81,1725
http://stzh.lstong.cn,1726
http://hy457.top,1727
https://hy457.top,1728
http://vip.c2368.com,1729
https://vip.c2368.com,1730
http://kk.mtdfpay.club,1731
https://kk.mtdfpay.club,1732
http://a2.1009.fun,1733
https://a2.1009.fun,1734
https://www.tdgtdg.top,1735
http://www.tdgtdg.top,1736
http://ch69.weiyuti.cn,1737
http://epay.mikufans.me,1738
https://epay.mikufans.me,1739
http://pay.888sup.cn,1740
https://pay.888sup.cn,1741
https://george.cnmsup.cn,1742
http://106.55.167.7,1743
https://pay.accmu.cn,1744
http://pay.accmu.cn,1745
https://www.xmw.one,1746
https://fk.xmw.one,1747
https://pay.yanlingai.cn,1748
http://pay.yanlingai.cn,1749
https://fkym.xmw.one,1750
http://www.xmw.one,1751
http://fkym.xmw.one,1752
http://fk.xmw.one,1753
https://27.25.138.129,1754
http://web.bit.ac.cn,1755
https://web.bit.ac.cn,1756
https://www.qha183.cn,1757
http://pay.yixyzf.com,1758
https://pay.yixyzf.com,1759
https://qmysj.cn,1760
https://yzh.momo123666.vip,1761
http://yzh.momo123666.vip,1762
https://hnmhk.fgbaohetang.com,1763
https://abc.jidifei.com,1764
http://abc.jidifei.com,1765
https://1.libtt.cn,1766
http://1.libtt.cn,1767
https://zf.xuesitu.com,1768
http://zf.xuesitu.com,1769
https://154.221.30.115,1770
https://a.lmaxexbase.com,1771
https://b.lmaxexbase.com,1772
http://182.120.231.219:81,1773
http://103.142.103.26:88,1774
http://epay.zsd123.top,1775
https://epay.zsd123.top,1776
http://atwzy.timetobattle.net,1777
http://113.45.136.84:10002,1778
http://44.mingxx.cn,1779
http://47.mingxx.cn,1780
http://ca51.eluwn.cn,1781
http://94.mingxx.cn,1782
http://pay.mtdfpay.club,1783
https://pay.mtdfpay.club,1784
http://ppp.chippp.com,1785
https://ppp.chippp.com,1786
http://wvgv.fzzsvj.cn,1787
http://ayuanwu.net,1788
https://ayuanwu.net,1789
https://122.51.130.84,1790
http://www.yunduanfaka.com,1791
https://www.yunduanfaka.com,1792
http://www.shiyou86.cn,1793
http://lxwscum.shop,1794
https://www.xiaogao.xyz,1795
http://dlj.wanys.xyz,1796
https://dlj.wanys.xyz,1797
https://gsx.cloudcity360.cn,1798
http://gsx.cloudcity360.cn,1799
http://www.xiaogao.xyz,1800
http://yzf.zhcnli.top,1801
https://yzf.zhcnli.top,1802
https://test.mtdfpay.club,1803
http://test.mtdfpay.club,1804
https://us.010213.xyz,1805
http://ppadmin.010213.xyz,1806
http://pp.kingzy.us.kg,1807
https://pp.kingzy.us.kg,1808
https://ppadmin.010213.xyz,1809
http://117.65.11.109:8123,1810
https://www.qiqijie.top,1811
https://lzyzf.95jz.cn,1812
http://pay.11779.cn,1813
https://pay.11779.cn,1814
http://fkc.tutx.cn,1815
https://sc.dlmzf.cn,1816
https://tat.hongloufaka.shop,1817
http://yipay.alipaypass.xyz,1818
https://yzf.stu2233.top,1819
http://www.inxic.cn,1820
https://fkc.tutx.cn,1821
https://pay.nc520.top,1822
http://tat.hongloufaka.shop,1823
http://v.dedewp.com,1824
https://pay.ipnn.cn,1825
http://pay.ipnn.cn,1826
http://iyrnta1k.3h5da8v31r.7zr06dd2kvbh.cmkykz.cn,1827
https://km.umav.cn,1828
http://yzf.stu2233.top,1829
https://rnzytz.top,1830
http://rnzytz.top,1831
https://yzf.payzf.us.kg,1832
http://yzf.payzf.us.kg,1833
http://yzfks.suzong666.com,1834
https://yzfks.suzong666.com,1835
https://192.151.243.231,1836
https://154.201.82.137,1837
http://pay.nc520.top,1838
https://longteng.uxir.pw,1839
https://uqkur007.cn,1840
https://qw.aofaka.cc,1841
http://uqkur007.cn,1842
https://epay.zuolove.store,1843
https://www.inxic.cn,1844
http://epay.zuolove.store,1845
http://d.bb007.top,1846
https://fk.inxic.cn,1847
https://d.bb007.top,1848
http://fk.inxic.cn,1849
https://pay.nancheng.asia,1850
http://pay.laosan6.com,1851
http://pay.iassss.com,1852
https://154.211.13.104,1853
https://paysss.pasi1212.fun,1854
http://paysss.pasi1212.fun,1855
http://longteng.uxir.pw,1856
http://demo.vieds.cn,1857
https://demo.vieds.cn,1858
http://5a.fk886.cn,1859
https://abcd.zecdn.cn,1860
http://vsb.n23n.com,1861
http://pay.8256.site,1862
http://qw.aofaka.cc,1863
https://58.0808oo.cn,1864
http://pay.uxir.pw,1865
https://pay.1dym.com,1866
https://login.zz-i.com,1867
https://www.accountsell.shop,1868
https://auth.zz-i.com,1869
https://wmyzf.pqcez.cn,1870
http://abcd.zecdn.cn,1871
https://tv.zz-i.com,1872
http://blog.jksq.cc,1873
https://blog.jksq.cc,1874
http://xnzf.382.us.kg,1875
http://km.umav.cn,1876
http://118.25.192.94:88,1877
https://pay.uxir.pw,1878
http://xnzf.bdwau.icu,1879
https://xnzf.bdwau.icu,1880
https://pay.8256.site,1881
http://182.120.228.48:81,1882
https://xnzf.382.us.kg,1883
http://58.0808oo.cn,1884
https://pay.laosan6.com,1885
https://ccc.dddd.m.52ddw.com,1886
http://pay.1dym.com,1887
https://pay.iassss.com,1888
https://entrust.52ddw.com,1889
http://www.sg000915.cn,1890
https://www.sg000915.cn,1891
https://moxbkqianlong.com.52ddw.com,1892
https://dy.52ddw.com,1893
https://itchlsc.52ddw.com,1894
https://ibeqwns1.52ddw.com,1895
https://ebgsbsc.52ddw.com,1896
https://tvyz.52ddw.com,1897
https://www-cqwenyi-net.52ddw.com,1898
https://nvgwgsc.52ddw.com,1899
https://47f05f00-354c-4d28-a1b9-f3837f7c326c.52ddw.com,1900
https://vsb.n23n.com,1901
https://o69iay0p.ccc.dddd.m.52ddw.com,1902
https://dxckjn2.static.pg0.cn.52ddw.com,1903
https://n1drpz.52ddw.com,1904
https://jmmqxpay.52ddw.com,1905
https://paypal.entrust.52ddw.com,1906
http://vzfy.zaidaxue.com,1907
https://oxmvvtv.52ddw.com,1908
https://zf.710ymb.cn,1909
https://vzfy.zaidaxue.com,1910
https://lmwjesc.52ddw.com,1911
https://o69iay0p.entrust.52ddw.com,1912
https://swpafwww-gov-cn.52ddw.com,1913
https://www.511it.com,1914
https://www.bingx.cn,1915
https://154.209.5.63,1916
http://www.5lanren.com,1917
https://www.5lanren.com,1918
http://5lanren.com,1919
https://fly.leweg.com,1920
https://5lanren.com,1921
https://linpay.ip-ddns.com,1922
https://ay6.xyz,1923
http://linpay.ip-ddns.com,1924
http://fly.leweg.com,1925
http://www.scum666.top,1926
http://scum666.top,1927
https://dh82.assss.top,1928
http://dh82.assss.top,1929
http://ys.sasaa.cn,1930
https://kstzyw.com,1931
http://www.kstzyw.com,1932
http://kstzyw.com,1933
https://www.kstzyw.com,1934
https://speed.zyq.xyz,1935
http://speed.zyq.xyz,1936
http://azxgg.wicp.vip:8091,1937
http://43.142.122.183,1938
http://ziyuanxiaoku.com,1939
http://pay.zneahk.top,1940
http://inxic.cn,1941
http://qhpaz.laredsocial-mexico.com,1942
https://mm.jajiyao.xyz,1943
http://mm.jajiyao.xyz,1944
http://hf-kj.icu,1945
https://hf-kj.icu,1946
http://pay.qqlepay.cn,1947
https://pay.qqlepay.cn,1948
https://www.pay.yueliangyingshi.top,1949
http://www.pay.yueliangyingshi.top,1950
https://yxzsh.amsterdamsystems.com,1951
https://www.yixyzf.com,1952
http://www.yixyzf.com,1953
https://bbs.qiuxian.fun,1954
http://bbs.qiuxian.fun,1955
https://fantong.jdran.cn,1956
https://fhz.qingyuly.top,1957
http://fhz.qingyuly.top,1958
http://xinyu01.top,1959
https://xinyu01.top,1960
http://www.cuocoin.com,1961
http://123.207.215.102,1962
https://www.gm-pay.net,1963
https://45.207.208.60,1964
https://vip.cnmsup.cn,1965
http://th.jilph.sbs,1966
https://w4.1009.fun,1967
http://w4.1009.fun,1968
http://182.142.4.203:100,1969
http://118.25.148.79:99,1970
https://epay.0oai.com,1971
http://epay.0oai.com,1972
https://a.humenleqier.cn,1973
http://a.humenleqier.cn,1974
http://124.221.75.223:2,1975
https://63t62.www.bognerczech.com,1976
https://large.www.nakedwolfeshoe.com,1977
https://begin.kedstrainers.com,1978
https://play.swedenugg.com,1979
https://during.swedenceline.com,1980
https://set.castelliclothes.com,1981
https://still.www.kedstrainers.com,1982
https://house.www.sneakershoff.com,1983
https://a91i5.coachschmuck.com,1984
https://few.flatteredsweden.com,1985
https://need.www.gregorysverige.com,1986
https://j5bi7.www.inuikiischuh.com,1987
https://end.www.shoesolukai.com,1988
https://3uxf7.corteizkleidung.com,1989
https://last.www.shoesolukai.com,1990
https://under.www.shoesolukai.com,1991
https://6ym04.www.coccinellekleidung.com,1992
https://k7vr0.aloyogakleidung.com,1993
https://seem.castelliclothes.com,1994
https://present.castelliclothes.com,1995
https://fact.www.flatteredsweden.com,1996
https://bk0fa.corteizkleidung.com,1997
https://large.www.trackshoesdc.com,1998
https://j3q8g.www.bognerczech.com,1999
https://force.replayclothes.com,2000
https://37dg7.corteizkleidung.com,2001
https://here.www.shoesolukai.com,2002
https://3qxwz.corteizkleidung.com,2003
https://consider.bootsautry.com,2004
https://part.www.bootsautry.com,2005
https://early.www.shoespalladium.com,2006
https://call.bootsautry.com,2007
https://public.www.swedenugg.com,2008
https://line.sneakershoff.com,2009
https://show.jaketcos.com,2010
https://7mvou.www.justinstiefel.com,2011
https://9o7wd.www.coachschmuck.com,2012
https://htqqe.corteizkleidung.com,2013
https://home.www.shoespalladium.com,2014
https://once.shoesjonak.com,2015
https://al812.czechsalomon.com,2016
https://vyle0.aloyogakleidung.com,2017
https://develop.bootsautry.com,2018
https://interest.trackshoesdc.com,2019
https://open.www.bootsautry.com,2020
https://kfti4.coccinellekleidung.com,2021
https://little.www.gregorysverige.com,2022
https://close.trackshoesdc.com,2023
https://k26f7.www.flylondonczech.com,2024
https://put.montanesverige.com,2025
https://case.flatteredsweden.com,2026
https://under.replayclothes.com,2027
https://olor7.coccinellekleidung.com,2028
https://nugab.coachschmuck.com,2029
https://seem.www.shoesjonak.com,2030
https://mean.kedstrainers.com,2031
https://leave.www.flatteredsweden.com,2032
https://put.www.swedenugg.com,2033
https://cqfqw.www.coccinellekleidung.com,2034
https://hand.flatteredsweden.com,2035
https://since.bootsautry.com,2036
https://dbx4y.www.coachschmuck.com,2037
https://feel.www.castelliclothes.com,2038
https://xkc2r.www.justinstiefel.com,2039
https://late.www.flatteredsweden.com,2040
https://both.www.swedenugg.com,2041
https://close.www.gregorysverige.com,2042
https://22zry.fossilgermany.com,2043
https://6c5rc.www.pierrecardinkleidung.com,2044
https://possible.www.nakedwolfeshoe.com,2045
https://place.swedenceline.com,2046
https://old.bootsautry.com,2047
https://face.swedenceline.com,2048
https://tell.www.jaketcos.com,2049
https://stand.www.trackshoesdc.com,2050
https://once.www.swedenugg.com,2051
https://f4u6b.www.flylondonczech.com,2052
https://case.trackshoesdc.com,2053
https://off.www.montanesverige.com,2054
https://govern.gregorysverige.com,2055
https://aw318.www.coccinellekleidung.com,2056
https://whlhb.www.flylondonczech.com,2057
https://run.kedstrainers.com,2058
https://91k8u.bognerczech.com,2059
https://to94i.www.aloyogakleidung.com,2060
https://5q43p.corteizkleidung.com,2061
https://set.www.sneakershoff.com,2062
https://need.www.bootsautry.com,2063
https://0xw3g.bognerczech.com,2064
https://right.trackshoesdc.com,2065
https://world.www.castelliclothes.com,2066
https://show.www.nakedwolfeshoe.com,2067
https://during.www.sneakershoff.com,2068
https://5w1n8.www.flylondonczech.com,2069
https://gmj6s.www.bognerczech.com,2070
https://wft1j.coachschmuck.com,2071
https://end.flatteredsweden.com,2072
https://put.gregorysverige.com,2073
https://possible.jaketcos.com,2074
https://436tu.coachschmuck.com,2075
https://child.montanesverige.com,2076
https://j3nkr.pierrecardinkleidung.com,2077
https://call.www.shoesolukai.com,2078
https://form.www.shoesolukai.com,2079
https://ovflm.www.coccinellekleidung.com,2080
https://mean.www.shoesolukai.com,2081
https://8t9y0.www.bognerczech.com,2082
https://meet.www.bootsautry.com,2083
https://szle1.www.coccinellekleidung.com,2084
https://show.replayclothes.com,2085
https://help.shoesjonak.com,2086
https://1qcc4.www.bognerczech.com,2087
https://increase.www.gregorysverige.com,2088
https://still.www.swedenugg.com,2089
https://feel.replayclothes.com,2090
https://against.shoespalladium.com,2091
https://8vkgq.pierrecardinkleidung.com,2092
https://without.www.montanesverige.com,2093
https://become.shoesjonak.com,2094
https://le5kz.coccinellekleidung.com,2095
https://begin.flatteredsweden.com,2096
https://close.www.replayclothes.com,2097
https://a2i9x.pierrecardinkleidung.com,2098
https://part.montanesverige.com,2099
https://z65hr.www.czechsalomon.com,2100
https://sliqp.coccinellekleidung.com,2101
https://never.kedstrainers.com,2102
https://right.sneakershoff.com,2103
https://3yzrs.www.coachschmuck.com,2104
https://life.bootsautry.com,2105
https://too.nakedwolfeshoe.com,2106
https://open.swedenugg.com,2107
https://91swy.bognerczech.com,2108
https://cm1z6.fossilgermany.com,2109
https://large.www.swedenugg.com,2110
https://still.gregorysverige.com,2111
https://zbujo.www.aloyogakleidung.com,2112
https://high.sneakershoff.com,2113
https://p5mnw.www.flylondonczech.com,2114
https://without.www.nakedwolfeshoe.com,2115
https://house.kedstrainers.com,2116
https://feel.www.shoesjonak.com,2117
https://same.www.sneakershoff.com,2118
https://set.swedenceline.com,2119
https://qaler.www.aloyogakleidung.com,2120
https://f01pd.flylondonczech.com,2121
https://another.www.sneakershoff.com,2122
https://early.www.montanesverige.com,2123
https://hmubl.www.lolegermany.com,2124
https://real.www.sneakershoff.com,2125
https://house.shoesjonak.com,2126
https://jzhx9.www.fossilgermany.com,2127
https://plan.www.swedenugg.com,2128
https://5want.www.fossilgermany.com,2129
https://call.www.bootsautry.com,2130
https://pan51.www.fossilgermany.com,2131
https://old.www.nakedwolfeshoe.com,2132
https://both.shoesjonak.com,2133
https://z8pte.coachschmuck.com,2134
https://mmai1.coccinellekleidung.com,2135
https://line.gregorysverige.com,2136
https://hold.www.replayclothes.com,2137
https://turn.www.sneakershoff.com,2138
https://never.sneakershoff.com,2139
https://another.www.nakedwolfeshoe.com,2140
https://open.www.trackshoesdc.com,2141
https://off.www.castelliclothes.com,2142
https://8aa9o.www.coccinellekleidung.com,2143
https://7gcco.www.bognerczech.com,2144
https://life.gregorysverige.com,2145
https://fact.www.nakedwolfeshoe.com,2146
https://against.www.flatteredsweden.com,2147
https://open.www.swedenugg.com,2148
https://course.shoesolukai.com,2149
https://hold.www.swedenugg.com,2150
https://might.www.kedstrainers.com,2151
https://mdyh9.coachschmuck.com,2152
https://course.www.castelliclothes.com,2153
https://group.www.kedstrainers.com,2154
https://become.gregorysverige.com,2155
https://small.www.gregorysverige.com,2156
https://while.www.kedstrainers.com,2157
https://jadp9.www.aloyogakleidung.com,2158
https://zijlq.www.corteizkleidung.com,2159
https://bqdkv.www.catfootwearaustria.com,2160
https://upon.www.replayclothes.com,2161
https://x9lsj.www.justinstiefel.com,2162
https://still.www.gregorysverige.com,2163
https://hoht6.bognerczech.com,2164
https://aq23n.pierrecardinkleidung.com,2165
https://place.www.bootsautry.com,2166
https://play.gregorysverige.com,2167
https://around.sneakershoff.com,2168
https://line.replayclothes.com,2169
https://keep.kedstrainers.com,2170
https://little.shoesolukai.com,2171
https://tfaz2.corteizkleidung.com,2172
https://khxv0.coccinellekleidung.com,2173
https://nvuxq.www.pierrecardinkleidung.com,2174
https://problem.www.kedstrainers.com,2175
https://vejbd.www.czechsalomon.com,2176
https://leave.replayclothes.com,2177
https://change.www.jaketcos.com,2178
https://close.kedstrainers.com,2179
https://course.gregorysverige.com,2180
https://person.www.bootsautry.com,2181
https://o24k7.www.bognerczech.com,2182
https://oo7uk.www.flylondonczech.com,2183
https://between.www.shoespalladium.com,2184
https://part.www.sneakershoff.com,2185
https://6h1pf.www.clothesselected.com,2186
https://rdpmg.lolegermany.com,2187
https://word.www.jaketcos.com,2188
https://end.www.jaketcos.com,2189
https://9ipog.ankerladekabel.com,2190
https://play.www.shoespalladium.com,2191
https://95eb3.www.ankerladekabel.com,2192
https://p1t9s.www.flylondonczech.com,2193
https://city.replayclothes.com,2194
https://follow.www.kedstrainers.com,2195
https://ji9ot.www.corteizkleidung.com,2196
https://vvhgv.coccinellekleidung.com,2197
https://6du05.clothesselected.com,2198
https://t17t4.pierrecardinkleidung.com,2199
https://interest.castelliclothes.com,2200
https://vnw3w.www.czechsalomon.com,2201
https://www.montanesverige.com,2202
https://j8mdb.czechsalomon.com,2203
https://lt7db.clothesselected.com,2204
https://h95rv.www.vivobarefootschuh.com,2205
https://sb31a.www.inuikiischuh.com,2206
https://same.www.jaketcos.com,2207
https://order.www.jaketcos.com,2208
https://person.www.jaketcos.com,2209
https://school.www.jaketcos.com,2210
https://cnxbm.www.aloyogakleidung.com,2211
https://meet.shoespalladium.com,2212
https://run.swedenceline.com,2213
https://xouoa.www.bognerczech.com,2214
https://gbirc.germanycalida.com,2215
https://city.swedenceline.com,2216
https://qevwi.coccinellekleidung.com,2217
https://ywhjx.www.germanycalida.com,2218
https://without.www.swedenugg.com,2219
https://fn6yg.lolegermany.com,2220
https://last.www.kedstrainers.com,2221
https://world.trackshoesdc.com,2222
https://city.trackshoesdc.com,2223
https://8u41p.www.lemsschuh.com,2224
https://set.www.trackshoesdc.com,2225
http://182.120.230.21:81,2226
https://epay.cyxh.site,2227
http://epay.cyxh.site,2228
http://182.120.231.30:81,2229
http://fujhr.evergreen-21.com,2230
https://e.epayfz.com,2231
https://yjg.yipay.online,2232
https://www.zfepay.com,2233
http://1.baitao23.cn,2234
https://bg.huayang.pro,2235
http://yzf.717hz.top,2236
https://23.224.55.242,2237
http://yzf.119ka.cn,2238
https://yzf.119ka.cn,2239
http://ma.lsgom.cn,2240
http://pay.yueliangyingshi.top,2241
https://pay.yueliangyingshi.top,2242
https://pay.wx.plus,2243
http://pay.wx.plus,2244
http://www.antxt.cc,2245
https://www.antxt.cc,2246
http://kami.letosdk.com,2247
https://k3.yxpay.vip,2248
http://k3.yxpay.vip,2249
https://207.148.77.209,2250
https://bo.anningxs.com,2251
https://ra.yanhuxs.com,2252
https://edu.asafe.top,2253
http://49.232.235.231:2024,2254
https://xccsz.asia,2255
http://mndfg.ogrvv.rest,2256
http://y.ukcddd.top,2257
https://y.ukcddd.top,2258
http://yzf.paydd.cn,2259
https://yzf.paydd.cn,2260
http://dacongyun.com,2261
https://m.wascf.top,2262
http://m.wascf.top,2263
https://yun-zhifu.com.cn,2264
http://yu.yun-zhifu.com.cn,2265
https://yu.yun-zhifu.com.cn,2266
http://yun-zhifu.com.cn,2267
https://www.c2368.com,2268
https://ckokis.cn,2269
http://ckokis.cn,2270
https://bug.vin,2271
https://47.108.252.130,2272
https://fk.aichuguang.me,2273
http://fk.aichuguang.me,2274
https://xiaoxinfak.cn,2275
https://www.xiaoxinfak.cn,2276
http://xiaoxinfak.cn,2277
http://www.xiaoxinfak.cn,2278
https://pay.huayang.pro,2279
http://pay.huayang.pro,2280
http://mshop.phcat.cn,2281
https://mshop.phcat.cn,2282
https://mzf2.xiaohusky.top,2283
http://mzf2.xiaohusky.top,2284
https://120.55.241.24,2285
http://369.sbici.top,2286
https://369.sbici.top,2287
https://b.sbici.top,2288
https://a.sbici.top,2289
http://r8860.top,2290
http://yzf.sanakoacg.cn,2291
https://inxic.cn,2292
http://pay.xingqi.one,2293
https://pay.xingqi.one,2294
http://xiaob.pro,2295
https://xiaob.pro,2296
http://116.196.72.236,2297
http://121.4.181.203,2298
http://123.60.82.17:12345,2299
http://g1650.top,2300
http://www.ayuanwu.net,2301
https://www.iy5.one,2302
http://iy5.one,2303
https://iy5.one,2304
https://www.ayuanwu.net,2305
http://www.iy5.one,2306
http://ma.gtlongs.cn,2307
http://ma.geeke88.cn,2308
https://ma.geeke88.cn,2309
https://cckj.xuli.us.kg,2310
http://cckj.xuli.us.kg,2311
http://m.dianbukuai.com,2312
https://m.dianbukuai.com,2313
https://cypay.ct28.cn,2314
http://cypay.ct28.cn,2315
https://ffffffffffff.xhymsq.com,2316
https://mx.ffffffffffff.xhymsq.com,2317
https://mail.xhymsq.com,2318
https://bb.xhymsq.com,2319
https://b.xhymsq.com,2320
https://lmzhevip.xhymsq.com,2321
https://kbjlpbbs.xhymsq.com,2322
https://www.bb.xhymsq.com,2323
https://www.b.xhymsq.com,2324
https://rjeoubbs.xhymsq.com,2325
https://jm.xhymsq.com,2326
https://snooobbs.xhymsq.com,2327
https://podefbbs.xhymsq.com,2328
https://t2.xhymsq.com,2329
https://femvjbbs.xhymsq.com,2330
http://fa.zizhufaka2319340864.xyz,2331
https://fa.zizhufaka2319340864.xyz,2332
http://yzf3.z-w8.top,2333
https://yzf3.z-w8.top,2334
http://g2684.top,2335
http://182.120.228.137:81,2336
http://182.120.230.12:81,2337
http://ka.3122.cn,2338
https://mhly.org,2339
http://mhly.org,2340
http://epay.pintuanbai.cn,2341
https://epay.pintuanbai.cn,2342
http://g9254.top,2343
https://yizf.yoliyl.cn,2344
http://yizf.yoliyl.cn,2345
https://120.76.99.160,2346
https://haoxuanziyuan.icu,2347
http://r6562.top,2348
https://zhifu.meiwang360.com,2349
http://zhifu.meiwang360.com,2350
http://g0684.top,2351
http://11.ynka.cc,2352
https://11.ynka.cc,2353
https://129.211.184.61,2354
http://182.120.228.115:81,2355
http://47.123.7.112,2356
http://test-pay.hnqiliang.cn,2357
https://test-pay.hnqiliang.cn,2358
https://110.40.61.40,2359
http://www.57sucai.com,2360
https://www.57sucai.com,2361
http://0598128.com,2362
http://r168k.top,2363
http://182.120.230.88:81,2364
https://fk.ds829.cc,2365
http://fk.ds829.cc,2366
https://146.56.199.126,2367
http://mgmm.axnvx.sbs,2368
http://g7877.top,2369
http://api.yangyangtk.com,2370
https://yizhifu.amxdzx.cn,2371
http://yizhifu.amxdzx.cn,2372
http://45.15.10.199,2373
https://156.225.22.170,2374
http://bbs.jduk.cn,2375
https://110.40.20.78,2376
http://45.15.10.115,2377
http://mxyy.eikg.cn,2378
https://mxyy.eikg.cn,2379
https://goodtop.top,2380
http://goodtop.top,2381
https://www.goodtop.top,2382
https://qanxing.com,2383
https://110.40.38.76,2384
https://yzf.llsak3.icu,2385
http://yzf.llsak3.icu,2386
https://43.248.174.2,2387
https://43.240.239.148,2388
https://111.180.200.168,2389
http://101.43.65.83:8085,2390
https://house.joywii.0en.cn,2391
http://house.joywii.0en.cn,2392
https://jiamengbo.top,2393
http://jiamengbo.top,2394
http://ypay.agtian.com,2395
https://1zcfvm.52ddw.com,2396
https://45.207.201.58,2397
http://id.maihao996.com,2398
https://id.maihao996.com,2399
https://x.ovolls.top,2400
http://182.120.229.8:81,2401
https://121.4.181.203,2402
http://18.167.173.201,2403
http://123.60.53.130:12312,2404
https://ply.mdync.fun,2405
http://ply.mdync.fun,2406
http://36.50.226.33:10224,2407
http://www.kewulan.cn,2408
https://www.kewulan.cn,2409
http://pay.miteca.xyz,2410
https://pay.miteca.xyz,2411
http://pay.19yzhan.xyz,2412
https://faka.yoea.com,2413
http://171.95.124.135:83,2414
http://cn.huazf.top,2415
https://cn.huazf.top,2416
https://xy.xunyisad.shop,2417
https://xianyu1.xyyj6.icu,2418
http://118.31.69.3,2419
https://47.109.104.227,2420
http://182.120.228.112:81,2421
https://wx1314.xyz,2422
http://wx1314.xyz,2423
https://www.jukeyin.com,2424
http://121.4.181.203:9909,2425
http://ghfj.wh1py8.yachts,2426
https://sports.52ddw.com,2427
https://website.www.52ddw.com,2428
https://vip.xhymsq.com,2429
https://www-caac-gov-cn.52ddw.com,2430
https://himg2.huanqiu.com.52ddw.com,2431
https://m7vchp.52ddw.com,2432
https://vufphc.52ddw.com,2433
https://tfg7ss.52ddw.com,2434
https://q49swy.52ddw.com,2435
https://opwkzs.52ddw.com,2436
https://huanqiu.com.52ddw.com,2437
https://qrafdt.52ddw.com,2438
https://www-chinadaily-com-cn.52ddw.com,2439
https://photo.52ddw.com,2440
https://123.sogoucdn.com.52ddw.com,2441
https://students.52ddw.com,2442
https://caiji.52ddw.com,2443
https://eu6ian.52ddw.com,2444
https://wine.52ddw.com,2445
https://ishang.net.52ddw.com,2446
https://p3-123-sogoucdn-com.52ddw.com,2447
https://p3.123.sogoucdn.com.52ddw.com,2448
https://net.52ddw.com,2449
https://ynet.com.52ddw.com,2450
https://xlvwdg.52ddw.com,2451
https://www-gov-cn.52ddw.com,2452
https://sh-city8-com.52ddw.com,2453
https://love-qingdaonews-com.52ddw.com,2454
https://crt7br.52ddw.com,2455
https://appd-123-sogou-com.52ddw.com,2456
https://wbsubdomain.a.bb.ccc.dddd.m.52ddw.com,2457
https://g6ct6k.52ddw.com,2458
https://smzgqg.52ddw.com,2459
https://what.website.www.52ddw.com,2460
https://img.qianlong.com.52ddw.com,2461
https://ag.52ddw.com,2462
https://mail.52ddw.com,2463
https://res1.ynet.com.52ddw.com,2464
https://imedia-eastday-com.52ddw.com,2465
https://www.city8.com.52ddw.com,2466
https://www-xuancheng-gov-cn.52ddw.com,2467
https://banner.ishang.net.52ddw.com,2468
https://dbq4zx.52ddw.com,2469
https://banner-ishang-net.52ddw.com,2470
https://tzj2pp.52ddw.com,2471
https://d1f16z.52ddw.com,2472
https://corp.52ddw.com,2473
https://cartoon-youth-cn.52ddw.com,2474
https://appd.123.sogou.com.52ddw.com,2475
https://img04.sogoucdn.com.52ddw.com,2476
https://ncyvaz.52ddw.com,2477
https://fdomlo.52ddw.com,2478
https://news-qingdaonews-com.52ddw.com,2479
https://map.baidu.com.52ddw.com,2480
https://hf0zpf.52ddw.com,2481
https://a16uab.52ddw.com,2482
https://0zrxdn.52ddw.com,2483
https://res1-ynet-com.52ddw.com,2484
https://ceyxrx.52ddw.com,2485
https://dsy9qh.52ddw.com,2486
https://img01-sogoucdn-com.52ddw.com,2487
https://code-fabao365-com.52ddw.com,2488
https://energy.52ddw.com,2489
https://3rzj2y.52ddw.com,2490
http://182.120.230.186:81,2491
http://103.38.80.62:97,2492
https://wzcblo.cn,2493
https://zj.kenannb.top,2494
https://auth.chunzewl.cn,2495
https://pay.25yun.cn,2496
https://www.51ym.cc,2497
http://pay.25yun.cn,2498
http://www.51ym.cc,2499
https://chinadaily.com.cn.52ddw.com,2500
https://sss333.cn,2501
https://a.bb.ccc.dddd.m.52ddw.com,2502
https://bb.ccc.dddd.m.52ddw.com,2503
https://com.cn.52ddw.com,2504
https://123.sogou.com.52ddw.com,2505
https://jusiez.52ddw.com,2506
https://img2.chinadaily.com.cn.52ddw.com,2507
https://6boe2v.52ddw.com,2508
https://www-chinalaw-gov-cn.52ddw.com,2509
https://1rqo3a.52ddw.com,2510
https://what.website.m.52ddw.com,2511
https://www-wldsb-com.52ddw.com,2512
https://img04-sogoucdn-com.52ddw.com,2513
https://www.52ddw.com,2514
https://4fp6sr.52ddw.com,2515
http://www.24zidonfaka.com,2516
http://www.kuzha.cn,2517
https://www.kuzha.cn,2518
https://www.huifengzf.com,2519
http://huifengzf.com,2520
https://huifengzf.com,2521
https://110.6.43.4,2522
http://www.0z5.com,2523
http://luntan.4744.cn,2524
https://0z5.com,2525
http://shangjia.4744.cn,2526
http://fuwu.4744.cn,2527
http://tuiguan.4744.cn,2528
http://0z5.com,2529
https://www.6469.cn,2530
http://yuanma.4744.cn,2531
https://www.0z5.com,2532
http://zixun.4744.cn,2533
https://yuanma.4744.cn,2534
https://zixun.4744.cn,2535
https://luntan.4744.cn,2536
https://fuwu.4744.cn,2537
https://tuiguan.4744.cn,2538
https://shangjia.4744.cn,2539
http://as.gtame.me,2540
http://46.29.166.186:86,2541
https://www.js1w.com,2542
http://cj.w6e.cn,2543
http://yszf.me,2544
http://mxyq.oenr.cn,2545
https://mxyq.oenr.cn,2546
http://182.120.229.241:81,2547
https://www.pyymw.com,2548
http://fgccerx.ahrkr.rest,2549
http://man.vbmzd.shop,2550
https://wller.cn,2551
http://wller.cn,2552
http://www.wller.cn,2553
https://520520520520.icu,2554
https://www.520520520520.site,2555
https://520520520520.site,2556
https://www.520520520520.icu,2557
http://520520520520.icu,2558
http://520520520520.site,2559
http://www.12345.icu,2560
https://mypay.coo.ci,2561
http://mypay.coo.ci,2562
https://yzf.iv77.cn,2563
https://yzf.f896.cn,2564
https://yzf.pka7.top,2565
http://yzf.iv77.cn,2566
http://yzf.f896.cn,2567
https://pay.88np.cn,2568
http://yzf.pka7.top,2569
http://pay.88np.cn,2570
https://124.223.38.33,2571
https://101.42.251.114,2572
http://8.134.131.65:82,2573
http://tem.yulong86.cn,2574
https://tem.yulong86.cn,2575
http://wxzf.fun,2576
https://wxzf.fun,2577
http://150.158.159.71:92,2578
http://zy.czg3386.cn,2579
http://129.226.15.96,2580
http://pay.7u.org,2581
https://pay.7u.org,2582
https://e9tesc487u.kstzyw.com,2583
http://e9tesc487u.kstzyw.com,2584
https://a.bb.ccc.dddd.wzy110.cn,2585
https://gdgeusadas23.wzy110.cn,2586
https://skwkkwzkj.wzy110.cn,2587
https://63feba16.wzy110.cn,2588
https://kbudbwhat.website.wzy110.cn,2589
https://ydcekins.wzy110.cn,2590
https://o69iay0p.wzy110.cn,2591
https://qbdog1.wzy110.cn,2592
https://cznpxy.wzy110.cn,2593
https://sadaasxzx.wzy110.cn,2594
https://wslah1.wzy110.cn,2595
https://nnkbnnb.wzy110.cn,2596
https://rymuotxl.wzy110.cn,2597
https://sdadfweqeqw.wzy110.cn,2598
https://wz.wzy110.cn,2599
https://sadas23.wzy110.cn,2600
https://afyianb.wzy110.cn,2601
https://ljtrmtb.wzy110.cn,2602
https://mcfxlwbsubdomain.a.bb.ccc.dddd.wzy110.cn,2603
https://asdsa.wzy110.cn,2604
https://esyvdy.wzy110.cn,2605
https://poyxhzxc.wzy110.cn,2606
http://45.207.38.231:10001,2607
http://yzf.mzf88.cn,2608
https://57zz.cn,2609
https://zb.cs.57zz.cn,2610
https://bl.cs.57zz.cn,2611
https://o69iay0p.cs.57zz.cn,2612
https://o69iay0p.zf.cs.57zz.cn,2613
https://epay.bk22.cn,2614
https://ka.c.xmsyun.com,2615
http://epay.bk22.cn,2616
https://api.hetrl.asia,2617
http://api.hetrl.asia,2618
https://111.92.242.181,2619
http://www.yifanzy.cn,2620
https://www.yifanzy.cn,2621
http://1.92.74.76:40001,2622
http://www.zzsucai.com,2623
https://www.zzsucai.com,2624
http://www.yxzyb.cn,2625
http://182.120.231.87:81,2626
http://110.40.248.223:85,2627
https://ynxy.zxvps.cn,2628
http://ynxy.zxvps.cn,2629
http://ch-h.cn,2630
http://218.78.63.182:9999,2631
https://www.daoyuanyili.com,2632
https://xy48.cn,2633
https://www.xy48.cn,2634
http://xy48.cn,2635
https://1dihde.xy48.cn,2636
https://atu79g.xy48.cn,2637
https://wap.xy48.cn,2638
https://api.xy48.cn,2639
http://asd.chennels.cn,2640
https://asd.chennels.cn,2641
http://v.dwx888.com,2642
https://v.dwx888.com,2643
https://101.43.96.240,2644
http://182.120.230.77:81,2645
http://118.31.69.3:89,2646
https://lajiao122.xyz,2647
http://lajiao122.xyz,2648
https://123.qichuang888.cn,2649
http://123.qichuang888.cn,2650
https://aa.a5173.com,2651
http://aa.a5173.com,2652
https://118.195.134.98,2653
https://ykf.fudidi.cn,2654
http://pay.xioalongyfw.cn,2655
https://pay.xioalongyfw.cn,2656
https://pay.ykj520.asia,2657
http://pay.ykj520.asia,2658
https://www.gs233.cn,2659
http://www.gs233.cn,2660
https://49.232.243.54,2661
https://149.104.9.225,2662
http://www.xxziyuan.top,2663
https://www.979ok.com,2664
https://ypay.agtian.com,2665
http://111.180.200.111:88,2666
https://izyfx.com,2667
http://zxcvb.tlpay.top,2668
http://bf66.top,2669
http://47.97.208.139,2670
https://www.caimawang.cn,2671
http://www.caimawang.cn,2672
http://zf.xfynb.cn,2673
https://zf.xfynb.cn,2674
https://www.hndxkd.com,2675
http://b.ruxiwl.cn,2676
https://c.ruxiwl.cn,2677
https://b.ruxiwl.cn,2678
http://c.ruxiwl.cn,2679
https://a.ruxiwl.cn,2680
http://a.ruxiwl.cn,2681
https://d111.xyz,2682
https://www.caihongfaka.cn,2683
http://www.caihongfaka.cn,2684
http://121.41.85.136:88,2685
https://faka4.gl5666.com,2686
https://faka6.gl5666.com,2687
https://faka8.gl5666.com,2688
https://faka5.gl5666.com,2689
https://wx.laokbk.com,2690
http://wx.laokbk.com,2691
https://pay.njxyyun.com,2692
https://121.41.85.136,2693
https://wu.yuqios.top,2694
http://wu.yuqios.top,2695
http://www.liesan.com,2696
https://www.liesan.com,2697
http://appacc.link,2698
https://appacc.link,2699
https://www.ceocc.cc,2700
http://www.ceocc.cc,2701
https://aa.04qy.cn,2702
http://aa.04qy.cn,2703
http://182.120.229.115:81,2704
http://103.147.14.37:8808,2705
http://www.000222.top,2706
http://yifu.ckeyun.cn,2707
https://yifu.ckeyun.cn,2708
http://pay.zonghengwangluo.cn,2709
http://156.238.254.67:86,2710
https://www.skinspay.cc,2711
http://skinspay.cc,2712
https://skinspay.cc,2713
http://www.skinspay.cc,2714
https://185.132.54.76,2715
https://app.cxymz.vip,2716
http://app.cxymz.vip,2717
http://faka.tcc.asia,2718
https://faka.tcc.asia,2719
https://124.223.34.183,2720
http://www.sdn86.cn,2721
https://sdn86.cn,2722
http://sdn86.cn,2723
https://www.sdn86.cn,2724
http://182.120.231.202:81,2725
https://xi5200.com,2726
http://yzhifu.ttwlo.cn,2727
https://ik.dosxs.com,2728
https://pay.benh565.com,2729
http://pay.benh565.com,2730
https://yzhifu.ttwlo.cn,2731
http://www.wdzzz.com,2732
https://www.wdzzz.com,2733
http://pay.azymw.com,2734
https://pay.azymw.com,2735
https://38.6.176.86,2736
http://182.120.231.165:81,2737
https://www.htm.ink,2738
https://vip.nicewifi.cn,2739
http://vip.nicewifi.cn,2740
https://94.74.97.9,2741
http://182.120.231.112:81,2742
http://dhw5201314.cn,2743
https://llmzf.asia,2744
http://llmzf.asia,2745
http://182.120.231.241:81,2746
https://www.836601.com,2747
http://sq.xingrui520.com,2748
https://idc.inxic.cn,2749
https://sq.xingrui520.com,2750
https://107.151.244.110,2751
http://134.175.168.177:8085,2752
http://122.51.203.70:735,2753
http://fk.qybns.cn,2754
https://fk.qybns.cn,2755
https://www.wller.cn,2756
https://www.kekc.cn,2757
https://1.cccyy.icu,2758
http://1.cccyy.icu,2759
http://182.120.229.86:81,2760
http://www.sss349.cn,2761
http://sss349.cn,2762
https://sss349.cn,2763
https://www.sss349.cn,2764
https://www.linlong888.top,2765
https://zf.njyup.cn,2766
http://zf.njyup.cn,2767
https://zhifu.yuzhifu.top,2768
http://zhifu.yuzhifu.top,2769
http://pay.69gyun.com,2770
http://pay.ntqq.top,2771
https://pay.stagetvtv.com,2772
http://pay.stagetvtv.com,2773
https://47.89.151.188,2774
http://pay.njxyyun.com,2775
https://mazhifu.nqh8.cn,2776
http://mazhifu.nqh8.cn,2777
http://122.51.68.143:8085,2778
https://pay.acidc.top,2779
http://pay.acidc.top,2780
https://payy.q7564.cn,2781
http://pay.aizhimiao.cn,2782
https://pay.aizhimiao.cn,2783
http://ks.703t.fun,2784
http://www.freeshu.cn,2785
https://www.freeshu.cn,2786
https://zz.kuzha.cn,2787
https://m.iyanjiao.com,2788
http://www.ruankor.com,2789
http://182.120.228.225:81,2790
http://9989.infois.top,2791
https://yigoyzf.yigoym.com,2792
http://321.fengxiang.filegear-sg.me,2793
https://321.fengxiang.filegear-sg.me,2794
https://www.xialiangya.xyz,2795
http://www.xialiangya.xyz,2796
http://101.67.255.11:6666,2797
https://164.155.134.101,2798
https://108.181.7.37,2799
http://pay.mtdh.top,2800
https://pay.mtdh.top,2801
https://i5w.cn,2802
http://pay.zxckx.cn,2803
http://124.91.213.27:6666,2804
http://101.34.59.247:88,2805
http://if8us.yuanshengtong.com,2806
http://ui003.kuaipaojia.com,2807
http://2q754.kuquxiong.com,2808
http://xl586.limeidian.com,2809
http://x8i1y.kuquxiong.com,2810
http://r5kxl.92data.com,2811
http://8l1um.fanwanwang.com,2812
http://372h6.kuaipaojia.com,2813
http://ly220.isiyue.com,2814
http://20wc7.shanxuehui.com,2815
http://of1zy.shiliangzhao.com,2816
http://t168t.91rongyao.com,2817
http://x606a.ixingzu.com,2818
http://39ri6.shuigo.com,2819
http://b8qq1.xianchangpai.com,2820
http://x1cid.isiyue.com,2821
http://agclo.92data.com,2822
http://30u27.fanwanwang.com,2823
http://xh4w7.91rongyao.com,2824
http://451qs.shihangjia.com,2825
http://pt92r.kuquxiong.com,2826
http://z7o2s.xianchangpai.com,2827
http://uvmnm.ixingzu.com,2828
http://tk75j.kuaipaojia.com,2829
http://gvky0.limeidian.com,2830
http://8sy1q.yuanshengtong.com,2831
http://2i34v.91rongyao.com,2832
http://r5kxl.91rongyao.com,2833
http://2g18n.shanxuehui.com,2834
http://v74n6.xianchangpai.com,2835
http://v4i6k.shanxuehui.com,2836
http://jvokk.kuaipaojia.com,2837
http://8y598.shuigo.com,2838
http://l4pm9.aiqiaowang.com,2839
http://m3v7w.shihangjia.com,2840
http://8q7s1.yihaodun.com,2841
http://91rty.shiliangzhao.com,2842
http://0dnru.isiyue.com,2843
http://k0w7y.ixingzu.com,2844
http://605u5.fanwanwang.com,2845
http://71l63.eyibiao.com,2846
http://8113d.limeidian.com,2847
http://arwv5.eyibiao.com,2848
http://2p119.limeidian.com,2849
http://xo9nk.91rongyao.com,2850
http://oc4xm.yihaodun.com,2851
http://2fxri.shuigo.com,2852
http://4am2w.shanxuehui.com,2853
http://k3nz3.kuquxiong.com,2854
http://h2ew1.shihangjia.com,2855
http://zdruv.xianchangpai.com,2856
http://tkwpy.shuigo.com,2857
http://j2yuu.shiliangzhao.com,2858
http://2jv2u.shanxuehui.com,2859
http://ungk9.shihangjia.com,2860
http://d1z19.yihaodun.com,2861
http://6b4c1.limeidian.com,2862
http://20e6b.fanwanwang.com,2863
http://x1gl8.92data.com,2864
http://f439o.91rongyao.com,2865
http://m0776.kuaipaojia.com,2866
http://vi683.isiyue.com,2867
http://vzn1u.shuigo.com,2868
http://6kc6u.yihaodun.com,2869
http://l0s2v.ixingzu.com,2870
http://jlwu5.eyibiao.com,2871
http://us369.kuaipaojia.com,2872
http://2515g.limeidian.com,2873
http://my07r.yuanshengtong.com,2874
http://ae5no.aiqiaowang.com,2875
http://46g0n.shiliangzhao.com,2876
http://0a681.ixingzu.com,2877
http://846m5.isiyue.com,2878
http://akkru.zhaipingguo.com,2879
http://xpx1b.91rongyao.com,2880
http://t0gc3.92data.com,2881
http://189pq.isiyue.com,2882
http://4lyb9.fanwanwang.com,2883
http://9lkup.yihaodun.com,2884
http://3r07d.aiqiaowang.com,2885
http://z80h7.eyibiao.com,2886
http://to0lj.shanxuehui.com,2887
http://31k53.zhaipingguo.com,2888
http://20a8n.shuigo.com,2889
http://7n5b3.shiliangzhao.com,2890
http://603be.shihangjia.com,2891
http://sdma4.ixingzu.com,2892
http://04y07.yuanshengtong.com,2893
http://v555b.kuaipaojia.com,2894
http://byg1f.xianchangpai.com,2895
http://wfhle.kuquxiong.com,2896
http://9usxj.kuquxiong.com,2897
http://0tmfj.shanxuehui.com,2898
http://dhm24.aiqiaowang.com,2899
http://v2a60.91rongyao.com,2900
http://24ehz.ixingzu.com,2901
http://k517u.shuigo.com,2902
http://k8572.91rongyao.com,2903
http://w2flh.shiliangzhao.com,2904
http://8k5ih.eyibiao.com,2905
http://p007c.fanwanwang.com,2906
http://65ap3.ixingzu.com,2907
http://d2m73.xianchangpai.com,2908
http://72j80.aiqiaowang.com,2909
http://5i92w.limeidian.com,2910
http://037q2.yejin123.com,2911
http://03g5j.yejin123.com,2912
http://yy311.yejin123.com,2913
http://14ebg.yejin123.com,2914
http://047a4.yejin123.com,2915
http://0biz5.yejin123.com,2916
http://49hq9.yejin123.com,2917
http://00az3.yejin123.com,2918
http://0jd0i.yejin123.com,2919
http://08m95.yejin123.com,2920
http://l9ny3.yejin123.com,2921
http://8r608.yejin123.com,2922
http://b4929.yejin123.com,2923
http://8415x.yejin123.com,2924
http://86lrw.yejin123.com,2925
https://45.195.55.24,2926
https://103.133.176.127,2927
http://43.138.216.150:100,2928
https://45.195.55.28,2929
https://45.195.55.29,2930
https://dh.voiceclouds.cn,2931
http://101.35.175.43,2932
https://cs.lanrenlx.xyz,2933
http://cs.lanrenlx.xyz,2934
http://epay.83mi.cn,2935
http://182.120.228.106:81,2936
https://183.131.51.253,2937
http://www.888host.cn,2938
https://www.888host.cn,2939
http://zf.gm168.cn,2940
https://149.88.75.184,2941
http://pay.stcpic.cn,2942
https://pay.stcpic.cn,2943
https://www.768qka.com,2944
https://www.768qka.top,2945
http://www.cxzyw.com,2946
https://216.250.106.142,2947
https://112zyw3.top,2948
https://45.204.13.113,2949
http://120.77.182.165:8098,2950
http://api.hualog.com,2951
https://api.hualog.com,2952
http://182.120.231.142:81,2953
https://pay.4dn.net,2954
https://verify.lutu.top,2955
http://lxzy.wang,2956
http://www.lxzy.wang,2957
https://pay.meili666.icu,2958
http://meili666.icu,2959
http://pay.meili666.icu,2960
https://meili666.icu,2961
http://95zf.top,2962
https://95zf.top,2963
http://115.159.45.129:443,2964
https://www.cxkun.com,2965
http://www.cxkun.com,2966
https://cxkun.com,2967
http://103.97.58.199,2968
http://pay.netmo99.cn,2969
https://pay.netmo99.cn,2970
http://pay.yzzff.cn,2971
https://pay.yzzff.cn,2972
https://shop.udcode.cn,2973
https://lei.mileifk.com,2974
https://154.31.26.98,2975
http://www.blogw.cn,2976
https://www.blogw.cn,2977
http://47.108.67.58:1235,2978
http://xiyu.bupgfk.cn,2979
https://xiyu.bupgfk.cn,2980
https://api.racing-mall.cn,2981
https://ffgaeapp.racing-mall.cn,2982
https://pay.paymentsone.net,2983
http://pay.paymentsone.net,2984
https://47.76.97.20,2985
http://pay.xfynb.cn,2986
https://pay.xfynb.cn,2987
https://43.154.20.48,2988
http://106.55.57.222,2989
http://mopay.didnn.com,2990
http://cms520.site,2991
http://60.204.235.107,2992
https://mopay.didnn.com,2993
https://chyzf.cxymz.vip,2994
https://cms520.site,2995
https://sbtxq.top,2996
http://home.119ka.cn,2997
https://home.119ka.cn,2998
https://103.39.110.64,2999
http://www.runruncode.com,3000
https://www.runruncode.com,3001
https://103.97.58.199,3002
http://fxdzy.com,3003
https://www.fxdzy.com,3004
http://www.fxdzy.com,3005
http://en.7claw.com,3006
https://en.7claw.com,3007
https://qy.laoyu.wang,3008
http://www.icbot.net,3009
https://www.icbot.net,3010
http://117.72.75.169,3011
https://yunxiaoshou.cloud,3012
http://pay.githubsb.cn,3013
https://pay.githubsb.cn,3014
https://www.zhiu.cn,3015
https://www.jxasp.net,3016
http://www.jxasp.net,3017
http://jxasp.net,3018
http://caihongfaka.cn,3019
https://caihongfaka.cn,3020
https://ohyuanma.com,3021
http://a5.org.cn,3022
http://www.zshao.vip,3023
http://caiho.hjyhm.top,3024
https://caiho.hjyhm.top,3025
https://9989.infois.top,3026
http://www.ohyuanma.com,3027
https://www.ohyuanma.com,3028
https://www.zshao.vip,3029
https://154.31.26.73,3030
http://www.tianxia520.com,3031
http://8.218.17.254:666,3032
https://fmp8.xyz,3033
https://www.fmp8.xyz,3034
http://fmp8.xyz,3035
http://www.fmp8.xyz,3036
https://172.93.188.86,3037
http://chuyi.daanx.com,3038
http://www.asp800.com,3039
https://jimizyw66.top,3040
https://www.5bo.net,3041
http://www.5bo.net,3042
http://sp.waywz.cn:5678,3043
http://7755.luyaoxi.com,3044
https://epay.luyaoxi.com,3045
http://epay.luyaoxi.com,3046
http://pay.xf22.top,3047
https://pay.xf22.top,3048
http://pay.xfv8.com,3049
https://pay.xfv8.com,3050
https://www.bygoukai.com,3051
https://www.yiqiuwl.com,3052
https://www.xggw9.xyz,3053
https://www.xggw66.xyz,3054
https://www.zmzyw111.com,3055
http://www.cnmtx.fit,3056
https://www.cnmtx.fit,3057
http://www.zhiu.cn,3058
http://118.126.107.70,3059
http://www.niuwa4.com,3060
https://www.niuwa4.com,3061
https://asp300.net,3062
https://www.souljian.com,3063
https://souljian.com,3064
http://www.souljian.com,3065
http://souljian.com,3066
https://www.xgwnb6.xyz,3067
http://mfz.ym666.asia,3068
https://mfz.ym666.asia,3069
http://www.23kw.com,3070
https://www.23kw.com,3071
https://pay.thyjs.icu,3072
http://pay.thyjs.icu,3073
http://www.fakaying.top,3074
https://www.fakaying.top,3075
https://fakaying.top,3076
http://fakaying.top,3077
https://ay.douqugame.com,3078
http://pay.asqnw.com,3079
http://154.204.181.196:465,3080
http://www.shujian985.top,3081
http://220.167.181.63:88,3082
https://yzf.cxymz.vip,3083
http://gmail9999.com,3084
https://webapp.cxymz.vip,3085
https://gmail9999.com,3086
https://198.44.160.208,3087
https://joing.cxymz.vip,3088
http://huan.520wq.cn,3089
http://140.246.176.17:32,3090
https://yzf.wki8.com,3091
http://yzf.wki8.com,3092
http://39.109.122.109,3093
http://ezf.sxqxpd.com,3094
https://ezf.sxqxpd.com,3095
http://lmc520.cn,3096
https://www.lmc520.cn,3097
https://lmc520.cn,3098
https://pay.zonghengwangluo.cn,3099
http://www.ymipa.store,3100
https://ymipa.store,3101
https://www.ymipa.store,3102
https://120.79.7.250,3103
https://www.lao8.top,3104
https://34.150.4.165,3105
http://www.lao8.top,3106
https://pay.husohua.com,3107
https://paymember.net,3108
http://paymember.net,3109
http://yzym.xyz,3110
https://39.109.122.109,3111
http://www.yzym.xyz,3112
https://yzym.xyz,3113
https://www.yzym.xyz,3114
https://miren2394.yuqios.top,3115
http://pay.ssfwz.top,3116
http://chyzf.cxymz.vip,3117
http://47.108.115.37:10000,3118
https://zichenyanshi.shop,3119
http://zichenyanshi.shop,3120
http://www.dhw66.com,3121
https://www.dhw66.com,3122
https://pay.labbb.fun,3123
http://pay.labbb.fun,3124
https://82.156.118.11,3125
http://47.103.138.136:4545,3126
http://121.62.23.227:82,3127
http://23.224.128.46:5678,3128
https://zf.6788888.xyz,3129
http://zf.6788888.xyz,3130
https://mpay.1xila.top,3131
https://8.217.45.206,3132
http://fk.nmxxhs.top,3133
http://1.87.208.143:1234,3134
https://dmo.lol,3135
https://pay.xiaojuli.com,3136
http://pay.xiaojuli.com,3137
http://bbs.52saf.com,3138
https://mzf.yulel.com,3139
http://mzf.yulel.com,3140
http://www.tdji.cn,3141
https://www.tdji.cn,3142
https://maio8.com,3143
https://www.maio8.com,3144
http://maio8.com,3145
http://www.maio8.com,3146
https://154.39.81.106,3147
https://xy87.cn,3148
http://xy87.cn,3149
https://103.146.140.39,3150
http://pay.tb668.top,3151
https://pay.tb668.top,3152
http://tk.sozhekou.cn,3153
https://adbuluo.cn,3154
https://www.adbuluo.cn,3155
https://82.157.178.13,3156
http://adbuluo.cn,3157
https://www.goudaosf.com,3158
http://pl.xqcya.lol,3159
https://pl.xqcya.lol,3160
https://www.afdpay.xyz,3161
https://www.dage666.cn,3162
http://www.jlzhuozhan.com,3163
https://www.jlzhuozhan.com,3164
http://82.156.200.3,3165
https://174.139.78.67,3166
https://198.44.186.204,3167
http://www.uut.icu,3168
https://www.uut.icu,3169
http://uut.icu,3170
https://uut.icu,3171
http://58.hefankjsj.com,3172
http://106.55.224.152:8883,3173
https://qian.qiankj.cn,3174
https://caih.vip888.icu,3175
https://007.ck007.asia,3176
https://pay.qiankj.cn,3177
https://pay1.qiankj.cn,3178
http://72pay.qianpay.cn,3179
https://72pay.qianpay.cn,3180
http://pay.qiankj.cn,3181
http://pay1.qiankj.cn,3182
http://freeshu.cn,3183
https://www.sf-team.cn,3184
http://www.antqq.com,3185
http://18.162.51.255,3186
http://139.159.236.228:5002,3187
http://pay.ziqinb.icu,3188
http://www.ak94.xyz,3189
http://pay.52yzf.cn,3190
https://pay.52yzf.cn,3191
http://pay.wxhn.cc,3192
https://pay.wxhn.cc,3193
https://154.211.21.73,3194
https://pay.winm.cn,3195
http://pay.winm.cn,3196
https://play.easyt.fun,3197
https://174.139.78.70,3198
https://92mei.net,3199
http://play.easyt.fun,3200
https://174.139.78.66,3201
http://www.feifeixia.com,3202
https://www.feifeixia.com,3203
https://pay.wnuu.cn,3204
http://pay.wnuu.cn,3205
https://pay.xyald.cn,3206
http://pay.xyald.cn,3207
http://122.228.85.95:90,3208
https://zxzf.cdgzs.top,3209
https://card.logicat.xyz,3210
http://card.logicat.xyz,3211
https://45.77.121.24,3212
http://38.55.131.208,3213
http://124.222.205.68:995,3214
https://162.14.75.157,3215
http://blog.xckiu.cn,3216
https://blog.xckiu.cn,3217
http://luyhost.cn,3218
https://bowen.skzjzv.xyz,3219
http://bowen.skzjzv.xyz,3220
https://daifu.6666xz.cn,3221
http://daifu.6666xz.cn,3222
https://qq.s123.icu,3223
http://qq.s123.icu,3224
https://qg59.cn,3225
https://www.qg59.cn,3226
http://qg59.cn,3227
https://45.145.230.72,3228
https://www.kk24.icu,3229
http://starpay1.com,3230
https://starpay1.com,3231
http://www.gxpay.icu,3232
http://gxpay.icu,3233
https://c.xc1122.cn,3234
http://c.xc1122.cn,3235
https://106.54.54.140,3236
https://zhifu.huaanzhengquan.com,3237
http://zhifu.huaanzhengquan.com,3238
https://www.06951.org,3239
http://www.06951.org,3240
https://174.139.78.69,3241
https://shop.vandk.top,3242
http://shop.vandk.top,3243
http://pay.miss63.com,3244
https://yzf.rechen.fun,3245
https://pay.miss63.com,3246
http://yzf.rechen.fun,3247
https://174.139.78.68,3248
http://pay.cx87.cn,3249
https://82.156.200.3,3250
https://pay.cx87.cn,3251
http://39.105.16.198:98,3252
https://abc.kkym.net,3253
http://abc.kkym.net,3254
http://www.afdpay.xyz,3255
https://www.ufwsss.com,3256
http://www.ufwsss.com,3257
https://118.24.11.166,3258
https://www.kawang.tech,3259
https://kawang.tech,3260
http://kawang.tech,3261
http://101.42.20.221:808,3262
http://23.224.128.46:9696,3263
http://kszf.mynkj.com,3264
https://kszf.mynkj.com,3265
http://pay.xn4.net,3266
https://pay.xn4.net,3267
https://weihe.mushiyun.cn,3268
https://pay.mushiyun.cn,3269
http://weihe.mushiyun.cn,3270
https://118.24.33.165,3271
http://pay.mushiyun.cn,3272
https://f.aac5.com,3273
https://45.145.230.57,3274
http://www.9wanba.com,3275
https://www.9wanba.com,3276
https://wk.azymw.com,3277
https://2.azymw.com,3278
https://yh.azymw.com,3279
https://1.azymw.com,3280
https://chat.azymw.com,3281
https://mail.azymw.com,3282
https://ww12.azymw.com,3283
https://aipay.azymw.com,3284
https://sg.azymw.com,3285
https://ww.azymw.com,3286
http://aipay.azymw.com,3287
https://www.sky350.com,3288
https://www.abcavi.com,3289
http://idc.5207374.xyz,3290
http://zy.5207374.xyz,3291
http://120.46.211.71,3292
http://www.yk84.xyz,3293
http://yk84.xyz,3294
http://ccc.sm188w.cn,3295
https://154.12.25.204,3296
http://yzf.wenwuchain.com,3297
https://yzf.wenwuchain.com,3298
https://193.134.210.178,3299
https://www.soujizhai.com,3300
http://www.soujizhai.com,3301
https://www.hyusdt.cloud,3302
http://8.217.67.237:81,3303
https://www.mushiyun.cn,3304
https://996.yizfu.site,3305
https://www.appyz.cn,3306
http://996.yizfu.site,3307
https://appyz.cn,3308
http://www.appyz.cn,3309
http://appyz.cn,3310
https://www.weiheyun.asia,3311
https://47.108.234.133,3312
https://9osa.com,3313
https://103.228.64.56,3314
https://101.43.191.176,3315
https://163.197.246.196,3316
https://45.145.230.27,3317
http://www.996ym.cn,3318
http://1.12.76.190:6689,3319
http://xm.xiayiyun.com,3320
https://xm.xiayiyun.com,3321
https://www.xiayiyun.com,3322
http://www.xiayiyun.com,3323
http://user.ws23.cn,3324
http://kwzqo.ws23.cn,3325
https://hxeoqskin.ws23.cn,3326
http://hxeoqskin.ws23.cn,3327
https://user.ws23.cn,3328
https://kwzqo.ws23.cn,3329
https://www.hiooi.cn,3330
http://www.tiezhuym.com,3331
https://pay.xxhai.cn,3332
http://pay.xxhai.cn,3333
http://sss333.cn,3334
http://101.42.48.184:8888,3335
http://103.42.31.198:8880,3336
http://43.140.246.107:8888,3337
http://faka.muyu.love,3338
https://faka.muyu.love,3339
https://vi.kfcquan.com,3340
http://vi.kfcquan.com,3341
http://vip.zhuanmivip.top,3342
https://vip.zhuanmivip.top,3343
https://38.12.25.112,3344
http://1.jiamov.top,3345
https://1.jiamov.top,3346
https://www.30yyy.cn,3347
http://182.142.5.154:100,3348
https://d.dtysuy.top,3349
http://d.dtysuy.top,3350
https://888.chennels.cn,3351
http://888.chennels.cn,3352
http://shouyou.bcaaa.top,3353
http://43.134.233.17:85,3354
https://45.76.213.87,3355
https://mzf.xyfml2.com,3356
http://mzf.xyfml2.com,3357
http://website.a75.tanjorequartet.com,3358
http://yangzhi.uckpysq.com,3359
http://jiameng.ipuscng.cn,3360
https://ahaxhshyxgs.didiche.cn,3361
https://wufei0906.didiche.cn,3362
https://xlyqp.didiche.cn,3363
https://xhqhczhqcypsx.didiche.cn,3364
https://shdfkmsfdjzcgs.didiche.cn,3365
https://img01.cn.didiche.cn,3366
https://chenglong-h7.didiche.cn,3367
https://xmpjqcpjyxgs.didiche.cn,3368
http://jk.qdviugp.cn,3369
http://kaoshi.thzsfyc.cn,3370
http://wanci.suotuo.top,3371
http://jiemeng.hfhjyus.top,3372
https://ziyuan.kasuteng.com,3373
http://pay.yiqifaka.cn,3374
https://pay.yiqifaka.cn,3375
https://www.xlymz.com,3376
http://45.138.70.167:8085,3377
http://www.qfya.com,3378
https://www.izvn.cn,3379
http://easy.xccld.cn,3380
https://mzf.dnf52.com,3381
http://pay.68bk.top,3382
http://mzf.dnf52.com,3383
https://easy.xccld.cn,3384
https://www.169942.com,3385
http://www.169942.com,3386
http://120.53.89.57:8888,3387
http://www.sky350.com,3388
http://111.230.17.180,3389
http://101.43.166.137:8888,3390
http://43.140.251.182:8888,3391
http://43.138.36.229:8888,3392
http://101.42.22.190:8888,3393
https://www.chipmunk.icu,3394
https://chipmunk.icu,3395
http://blog.eduoduo.top,3396
https://lsenyu.cn,3397
https://www.lsenyu.cn,3398
http://8.217.183.136,3399
http://tb880.yjcrq.xyz,3400
https://fkw.zhcnli.com,3401
http://fkw.zhcnli.com,3402
http://my.kejiwangzhuan.xyz,3403
https://jinli001.icu,3404
https://smtp.xinghehy.xyz,3405
https://321255864.xinghehy.xyz,3406
https://ezfvfkloqpg.xinghehy.xyz,3407
https://blog.xinghehy.xyz,3408
https://demo.xinghehy.xyz,3409
https://test.xinghehy.xyz,3410
https://zzhcaoneshj.xinghehy.xyz,3411
https://www.smtp.xinghehy.xyz,3412
https://e.33zn.com,3413
https://pay.hanhandm.com,3414
http://pay.998555.xyz,3415
https://pay.998555.xyz,3416
http://ka.awdd.xyz,3417
http://101.42.224.81:8888,3418
https://pay.nky.wiki,3419
http://82.156.147.234:8888,3420
http://82.157.58.177:8888,3421
https://api.znci.cn,3422
https://dai.izhuanna.com.cn,3423
http://dai.izhuanna.com.cn,3424
https://567mzf.cc,3425
http://567mzf.cc,3426
https://mzf.biuless.cc,3427
http://43.248.103.233:82,3428
http://150.158.40.236:8081,3429
http://shop.yjpal.cn,3430
https://120.48.34.55,3431
https://gd.51ym.cc,3432
https://wx.51ym.cc,3433
http://149.88.81.238:8080,3434
http://zy.98w.top:8080,3435
http://zy.98w.top,3436
https://zf.34bc.com,3437
https://zf.iiai.asia,3438
https://yk.xuiia.fun,3439
https://149.88.85.19,3440
https://ddmbox.cc,3441
https://k-k.ink,3442
https://www.k-k.ink,3443
https://www.sants.cn,3444
https://111.230.17.180,3445
https://ci.zikvt.top,3446
http://pay.c4cq.com,3447
http://faka1.xingluxd.top,3448
http://zs.lmcsz.top,3449
https://szuvkxpych.xinghehy.top,3450
https://qrkgqyoecm.xinghehy.top,3451
https://www.vip.xinghehy.top,3452
https://xovqhzlmvn.xinghehy.top,3453
https://168.xinghehy.top,3454
https://athjgmfovh.xinghehy.top,3455
https://orvcizjuwx.xinghehy.top,3456
https://2333.xinghehy.top,3457
https://dagonghui.xinghehy.top,3458
https://xtbtmjbzwz.xinghehy.top,3459
https://zfjczkkgicl.xinghehy.top,3460
https://zcgojprcwi.xinghehy.top,3461
https://weixiao.xinghehy.top,3462
https://vip.xinghehy.top,3463
https://xizzesxrav.xinghehy.top,3464
https://ejulmdofsc.xinghehy.top,3465
https://hrmstdajzf.xinghehy.top,3466
http://thhyq.asmr588.top,3467
http://tb461.asmr588.top,3468
http://24.zhuiyiyouxi.top,3469
http://fk.zhuiyiyouxi.top,3470
https://pay.wanys.xyz,3471
http://pay.wanys.xyz,3472
https://yf5h1ps.hk2.wksmym.top,3473
https://yi.hare123.top,3474
https://pay.qinyucloud.top,3475
http://shuqian.xiaoyuxuexi.top,3476
http://haiwangshuqian.xiaoyuxuexi.top,3477
https://epay.fxxsj.top,3478
http://ma.yungetv.top,3479
http://fk.0503.top,3480
http://pay.sgzy.top,3481
https://api.wrtt.top,3482
http://api.wrtt.top,3483
https://bz.wrtt.top,3484
https://mpay.x6m.top,3485
https://pay.lihaichun.top,3486
http://payss.twlvb.store,3487
http://payhxs.axjcp.store,3488
http://pays.wflya.store,3489
http://payd.idvknfe.cn,3490
https://www.lvhuacode.top,3491
https://lvhuacode.top,3492
https://pay.xhlm.site,3493
http://pay.xhlm.site,3494
https://faka.haifeng.site,3495
http://faka.haifeng.site,3496
http://x8tbar3770.hokashoesonlines.shop,3497
http://x8tv.runshoestoday.shop,3498
https://pjoxzluifi.simgjaf.shop,3499
https://zdctxofioz.simgjaf.shop,3500
https://jxhncpsosj.simgjaf.shop,3501
https://yqhxzpkevt.simgjaf.shop,3502
https://rehgwnedky.simgjaf.shop,3503
https://fy.yy123.simgjaf.shop,3504
https://mx.yy123.simgjaf.shop,3505
https://arwnhndhjo.simgjaf.shop,3506
https://ufngyxeimd.simgjaf.shop,3507
https://cgsmwgzepr.simgjaf.shop,3508
https://al.yy123.simgjaf.shop,3509
https://ojixganrik.simgjaf.shop,3510
https://www.simgjaf.shop,3511
https://kcpjhlzudc.simgjaf.shop,3512
https://yy123.simgjaf.shop,3513
http://dmj.faaaa.shop,3514
http://tdg.xgzsc.shop,3515
http://a11.suixinyyds.shop,3516
https://hm.wxhn.cc,3517
https://zxkf.wxhn.cc,3518
https://sms.wxhn.cc,3519
https://zf.wxhn.cc,3520
https://www.tongruirenye.com,3521
https://43.226.24.64,3522
http://muguan360.com,3523
https://back.muguan360.com,3524
https://muguan360.com,3525
http://back.muguan360.com,3526
https://www.wangergou.com,3527
http://cloud123.cn,3528
https://www.cloud123.cn,3529
https://cloud123.cn,3530
https://mm.wxhn.cc,3531
http://www.cloud123.cn,3532
https://hmtc.wxhn.cc,3533
http://pay.gcltw.cn,3534
https://pay.gcltw.cn,3535
http://101.43.168.157:8888,3536
https://www.aimiko.cn,3537
https://admin.qikt.ren,3538
http://www.fqymz.com,3539
https://www.fqymz.com,3540
https://111.180.205.87,3541
http://www.imheiye.cn,3542
https://150.158.143.224,3543
http://47.97.4.19:1,3544
https://pay.biuless.cc,3545
https://pay.nmzlsb.cn,3546
http://1.15.50.186,3547
https://dh.usdre.org,3548
http://106.54.233.5:1112,3549
https://k.nerwo.top,3550
http://jgzyzn.top,3551
https://sky350.com,3552
http://43.138.9.8:8888,3553
http://dd.wcsfaka2023.com,3554
https://pay.iosvip.net,3555
https://faka.tenoclock.cn,3556
https://114.134.189.187,3557
http://afree.mengwa2023.top,3558
http://pdy52.heimofakj.online,3559
http://zhou.heimofakj.online,3560
https://pdy52.heimofakj.online,3561
https://zhou.heimofakj.online,3562
http://www.gqr5.cn,3563
https://fa.tsxq.shop,3564
http://fa.tsxq.shop,3565
http://aaa.woniugpt.top,3566
https://aaa.woniugpt.top,3567
http://hyy.jyzf.online,3568
http://x8tbr.nbfoksi.cn,3569
https://www.wyku.one,3570
http://www.wyku.one,3571
http://jc.xzhi.one,3572
https://liuzhuozi.com,3573
http://liuzhuozi.com,3574
https://txzyw.com,3575
https://www.txzyw.com,3576
https://65526.kucoinbtc.cn,3577
http://z3wlq.kucoinbtc.cn,3578
https://91785.kucoinbtc.cn,3579
https://93686.kucoinbtc.cn,3580
https://5j7p9.kucoinbtc.cn,3581
https://c0um6.kucoinbtc.cn,3582
http://44758.kucoinbtc.cn,3583
https://hbq1w.kucoinbtc.cn,3584
https://78127.kucoinbtc.cn,3585
http://83625.kucoinbtc.cn,3586
http://n0d6q.kucoinbtc.cn,3587
https://psjzo.kucoinbtc.cn,3588
http://92854.kucoinbtc.cn,3589
https://95797.kucoinbtc.cn,3590
https://46383.kucoinbtc.cn,3591
https://hz36f.kucoinbtc.cn,3592
https://45136.kucoinbtc.cn,3593
https://14912.kucoinbtc.cn,3594
https://51593.kucoinbtc.cn,3595
http://tho6u.kucoinbtc.cn,3596
https://47416.kucoinbtc.cn,3597
https://97863.kucoinbtc.cn,3598
http://88254.kucoinbtc.cn,3599
http://25324.kucoinbtc.cn,3600
http://l2hvq.kucoinbtc.cn,3601
http://52999.kucoinbtc.cn,3602
http://ao0ep.kucoinbtc.cn,3603
http://33565.kucoinbtc.cn,3604
https://99941.kucoinbtc.cn,3605
https://14111.kucoinbtc.cn,3606
https://89455.kucoinbtc.cn,3607
https://18232.kucoinbtc.cn,3608
https://12615.kucoinbtc.cn,3609
https://skqc6.kucoinbtc.cn,3610
https://56189.kucoinbtc.cn,3611
http://32251.kucoinbtc.cn,3612
http://12228.kucoinbtc.cn,3613
https://tj5mb.kucoinbtc.cn,3614
https://89111.kucoinbtc.cn,3615
http://mi3om.kucoinbtc.cn,3616
http://51938.kucoinbtc.cn,3617
http://seo.kucoinbtc.cn,3618
https://28222.kucoinbtc.cn,3619
https://82825.kucoinbtc.cn,3620
http://8qt93.kucoinbtc.cn,3621
http://41682.kucoinbtc.cn,3622
https://28886.kucoinbtc.cn,3623
http://c3rnw.kucoinbtc.cn,3624
http://32762.kucoinbtc.cn,3625
http://49347.kucoinbtc.cn,3626
https://98957.kucoinbtc.cn,3627
https://cs.999dyy.top,3628
http://43.138.208.158,3629
https://w.4984.cn,3630
https://gm-pay.net,3631
http://www.vkzc.top,3632
https://www.vkzc.top,3633
http://guanmu360.fun,3634
http://haishen361.com,3635
https://v.dhxss.top,3636
https://www.classpay.shop,3637
http://www.classpay.shop,3638
https://classpay.shop,3639
http://classpay.shop,3640
http://h5kk.kl.zmegx.sbs,3641
http://pdfg.v526h.ibngk.sbs,3642
http://43.143.218.41:8888,3643
http://mff.msfwj.sbs,3644
http://qrpay.iurl.ltd,3645
https://qrpay.iurl.ltd,3646
https://104.224.178.152,3647
http://43.143.238.170:8888,3648
https://epay.selaplane.com,3649
https://85.8.182.70,3650
https://bbs.xiaobaicai.fun,3651
https://vc99.cn,3652
http://vc99.cn,3653
http://www.vc99.cn,3654
https://www.vc99.cn,3655
http://h56d.vdwcr.sbs,3656
http://pays.summmer.cn,3657
http://h562.66.lwinr.sbs,3658
https://yc.85kf.net,3659
http://82.157.96.219:9966,3660
http://mfivsin7yi6.rsdcw.sbs,3661
http://pay.meng52.icu,3662
https://pay.meng52.icu,3663
http://116.204.64.74,3664
http://py.pay666.icu,3665
https://cn.bigsea.icu,3666
http://mfgff.pendl.sbs,3667
http://104.224.178.152:8088,3668
http://www.yixing.icu,3669
https://sk.ddnh.vip,3670
http://sk.ddnh.vip,3671
https://114.132.46.196,3672
https://768qka.com,3673
http://pay.1989fg.fun,3674
http://hm70254.hmjt.fun,3675
http://lyw.lvdao.fun,3676
https://lyw.lvdao.fun,3677
http://tb994.445566.fun,3678
http://dpay.funn.fun,3679
https://great720.com,3680
http://great720.com,3681
http://www.dandan0.com,3682
http://18.181.145.122,3683
https://www.paycoral.com,3684
https://paycoral.com,3685
https://www.mayijinfu.vip,3686
https://mayijinfu.vip,3687
http://mayijinfu.vip,3688
https://daohangfk.cn,3689
http://www.daohangfk.cn,3690
http://daohangfk.cn,3691
https://www.daohangfk.cn,3692
http://mliuping.xiczs.sbs,3693
https://zdeu.philcomlimited.com,3694
http://fanhekeji.com,3695
https://fanhekeji.com,3696
https://faka.fanhekeji.com,3697
http://faka.fanhekeji.com,3698
https://lixuns.cn,3699
http://lixuns.cn,3700
http://pay.bossove.com,3701
https://pay.bossove.com,3702
https://dfe.borseven.cn,3703
https://fcps.trudocpakistan.com,3704
https://pay.jwy8.cn,3705
https://43.129.180.251,3706
http://yun.ufwssss.top,3707
http://62.234.217.158:8888,3708
http://49.232.251.82:8888,3709
http://124.223.34.104:8085,3710
http://epay.fxuim.com,3711
https://auth.kool88.cn,3712
https://demo.397787.com,3713
https://h5.fxuim.com,3714
https://epay.fxuim.com,3715
https://158.180.82.49,3716
http://dqdl.net,3717
https://dqdl.net,3718
https://api.dqdl.net,3719
http://api.dqdl.net,3720
https://www.dqdl.net,3721
http://82.156.159.116:8888,3722
http://82.156.132.128:8888,3723
http://212.129.247.64:88,3724
http://pay.picn.pp.ua,3725
https://pay.picn.pp.ua,3726
http://www.ztymw.top,3727
https://www.ztymw.top,3728
https://152.136.99.240,3729
http://101.43.155.153:8888,3730
https://www.jika5.com,3731
https://jika5.com,3732
http://www.jika5.com,3733
http://pay.yixingjiaren.com,3734
http://jika5.com,3735
https://101.34.87.54,3736
https://pay.yixingjiaren.com,3737
https://xqyyds.club,3738
https://154.221.29.57,3739
http://xqyyds.club,3740
http://152.136.12.221:8888,3741
http://pay.xianchenfa.top,3742
https://pay.xianchenfa.top,3743
https://xmzf.ma4.cn,3744
http://xmzf.ma4.cn,3745
https://fa.xqtddd.top,3746
http://fa.xqtddd.top,3747
https://154.204.44.213,3748
https://wxfor.42web.io,3749
http://www.wxfor.42web.io,3750
http://wxfor.42web.io,3751
https://www.wxfor.42web.io,3752
http://alipay.42web.io,3753
https://alipay.42web.io,3754
https://www.alipay.42web.io,3755
http://www.alipay.42web.io,3756
https://66.tscc.cc,3757
http://66.tscc.cc,3758
https://110.41.159.233,3759
https://gifi.csligrer.cn,3760
http://yberk.zhongyezikao.com,3761
http://www.lanmper.cn:8888,3762
http://ka.yaojian.asia,3763
http://rwsss.free1.asia,3764
https://rwsss.free1.asia,3765
http://pay.jswl63.tech,3766
https://pay.jswl63.tech,3767
https://xiaotian963.tech,3768
http://1.15.153.26,3769
http://www.alipayhk.net,3770
https://alipayhk.net,3771
https://www.alipayhk.net,3772
http://alipayhk.net,3773
http://101.34.167.45,3774
http://www.sunxulian.cn,3775
https://www.sunxulian.cn,3776
https://yf.fengye10.cn,3777
https://miaomiao.fengye10.cn,3778
https://www.fengye10.cn,3779
https://103.101.205.121,3780
http://bcxm.cc,3781
https://bcxm.cc,3782
https://149.104.8.248,3783
http://geknv.qugesk.com,3784
http://abtki.nationalmortgagearizona.com,3785
http://lxgfv.blackwake-servers.com,3786
http://bbs.dgfpy.com,3787
